reference,runtime_code,stage,message,data_state,recovery,source
MD-E001,ANOMALY_PHOTO_REQUIRED,Payload validation,Anomaly photo is required,"At callable validation this attempt is refused before its write. The same validator also runs during derivation, when a transaction already exists. Check the original ID after any uncertain attempt.",Capture or restore the photograph for the named evidence tag; verify its URI and upload. An unrelated photo does not satisfy this requirement.,MD-S41:700
MD-E002,BATCH_CHECK_UNAVAILABLE,Batch ownership guard,iREPS could not check which batch this meter is in. Nothing was saved. Please try again.,Depends on calling stage; queued or already accepted records may exist. Check original transaction before retry.,Retain captured evidence; restore connectivity and retry the same item after the batch check is available.,MD-S44:42
MD-E003,CB_PHOTO_REQUIRED,Payload validation,Circuit Breaker photo is required,"At callable validation this attempt is refused before its write. The same validator also runs during derivation, when a transaction already exists. Check the original ID after any uncertain attempt.",Capture or restore the photograph for the named evidence tag; verify its URI and upload. An unrelated photo does not satisfy this requirement.,MD-S41:794
MD-E004,CB_SIZE_OR_COMMENT_REQUIRED,Payload validation,Electricity meter circuit breaker size or comment is required,"At callable validation this attempt is refused before its write. The same validator also runs during derivation, when a transaction already exists. Check the original ID after any uncertain attempt.","Correct the named field using the field catalogue; if no valid truthful value is possible, retain the capture and escalate the field/contract gap.",MD-S41:792
MD-E005,DEVICE_OFFLINE,Local queue / connectivity,Device offline,Depends on calling stage; queued or already accepted records may exist. Check original transaction before retry.,Check that a local item exists; restore connectivity and inspect its status rather than assuming background transmission.,MD-S17:65
MD-E006,DUPLICATE_NORMALISATION_ACTION,Payload validation,The same action cannot be chosen twice.,"At callable validation this attempt is refused before its write. The same validator also runs during derivation, when a transaction already exists. Check the original ID after any uncertain attempt.","Recheck finding, one follow-on job at most, on-site fixes and any required reason. If phone accepts choices the server rejects, check release compatibility.",MD-S41:200
MD-E007,DUPLICATE_OTHER_ANOMALY,Payload validation,ast.anomalies.otherAnomalies cannot contain duplicates,"At callable validation this attempt is refused before its write. The same validator also runs during derivation, when a transaction already exists. Check the original ID after any uncertain attempt.","Correct the named field using the field catalogue; if no valid truthful value is possible, retain the capture and escalate the field/contract gap.",MD-S41:378
MD-E008,FIELDWORK_INVALID,Batch preparation / submission / derivation,The Sales fieldWork value is invalid.,Depends on calling stage; queued or already accepted records may exist. Check original transaction before retry.,"Reopen the assigned row, confirm team/workbase/ERF/premise and current row state; supervisor resolves correlation conflicts. Preserve the original transaction identity.",MD-S43:1395
MD-E009,INVALID_ACCESS_VALUE,Payload validation,accessData.access.hasAccess must be yes or no,"At callable validation this attempt is refused before its write. The same validator also runs during derivation, when a transaction already exists. Check the original ID after any uncertain attempt.","Correct the named field using the field catalogue; if no valid truthful value is possible, retain the capture and escalate the field/contract gap.",MD-S41:558
MD-E010,INVALID_METER_CATEGORY,Payload validation,Meter category must be Normal or Bulk,"At callable validation this attempt is refused before its write. The same validator also runs during derivation, when a transaction already exists. Check the original ID after any uncertain attempt.","Correct the named field using the field catalogue; if no valid truthful value is possible, retain the capture and escalate the field/contract gap.",MD-S41:660
MD-E011,INVALID_METER_GPS,Payload validation,ast.location.gps must contain valid numeric lat and lng,"At callable validation this attempt is refused before its write. The same validator also runs during derivation, when a transaction already exists. Check the original ID after any uncertain attempt.","Correct the named field using the field catalogue; if no valid truthful value is possible, retain the capture and escalate the field/contract gap.",MD-S41:653
MD-E012,INVALID_METER_NUMBER,Discovery callable,Meter number must contain a non-whitespace value,Depends on calling stage; queued or already accepted records may exist. Check original transaction before retry.,"Compare with the physical serial, preserve leading zeros, remove spaces and correct invalid symbols; escalate genuinely unreadable identity.",MD-S40:3124
MD-E013,INVALID_METER_PHASE,Payload validation,Electricity meter phase must be single or three,"At callable validation this attempt is refused before its write. The same validator also runs during derivation, when a transaction already exists. Check the original ID after any uncertain attempt.","Correct the named field using the field catalogue; if no valid truthful value is possible, retain the capture and escalate the field/contract gap.",MD-S41:746
MD-E014,INVALID_METER_PLACEMENT,Payload validation,Electricity meter placement must use an approved Meter Placement option,"At callable validation this attempt is refused before its write. The same validator also runs during derivation, when a transaction already exists. Check the original ID after any uncertain attempt.","Correct the named field using the field catalogue; if no valid truthful value is possible, retain the capture and escalate the field/contract gap.",MD-S41:329
MD-E015,INVALID_METER_STATUS,Payload validation,"status.state must be one of CONNECTED, DISCONNECTED","At callable validation this attempt is refused before its write. The same validator also runs during derivation, when a transaction already exists. Check the original ID after any uncertain attempt.","Correct the named field using the field catalogue; if no valid truthful value is possible, retain the capture and escalate the field/contract gap.",MD-S41:681
MD-E016,INVALID_METER_SUBTYPE,Payload validation,Meter type must be prepaid or conventional,"At callable validation this attempt is refused before its write. The same validator also runs during derivation, when a transaction already exists. Check the original ID after any uncertain attempt.","Correct the named field using the field catalogue; if no valid truthful value is possible, retain the capture and escalate the field/contract gap.",MD-S41:667
MD-E017,INVALID_METER_TYPE,Payload validation,Access submissions must use water or electricity meterType,"At callable validation this attempt is refused before its write. The same validator also runs during derivation, when a transaction already exists. Check the original ID after any uncertain attempt.","Correct the named field using the field catalogue; if no valid truthful value is possible, retain the capture and escalate the field/contract gap.",MD-S41:590
MD-E018,INVALID_NORMALISATION_ACTION,Payload validation,This action is not on the list.,"At callable validation this attempt is refused before its write. The same validator also runs during derivation, when a transaction already exists. Check the original ID after any uncertain attempt.","Recheck finding, one follow-on job at most, on-site fixes and any required reason. If phone accepts choices the server rejects, check release compatibility.",MD-S41:193
MD-E019,INVALID_NO_ACCESS_METER_TYPE,Payload validation,No-access submissions must use meterType NA,"At callable validation this attempt is refused before its write. The same validator also runs during derivation, when a transaction already exists. Check the original ID after any uncertain attempt.","Correct the named field using the field catalogue; if no valid truthful value is possible, retain the capture and escalate the field/contract gap.",MD-S41:566
MD-E020,INVALID_OTHER_ANOMALIES,Payload validation,ast.anomalies.otherAnomalies must be an array,"At callable validation this attempt is refused before its write. The same validator also runs during derivation, when a transaction already exists. Check the original ID after any uncertain attempt.","Correct the named field using the field catalogue; if no valid truthful value is possible, retain the capture and escalate the field/contract gap.",MD-S41:361
MD-E021,INVALID_OTHER_ANOMALY,Payload validation,ast.anomalies.otherAnomalies contains an unsupported value,"At callable validation this attempt is refused before its write. The same validator also runs during derivation, when a transaction already exists. Check the original ID after any uncertain attempt.","Correct the named field using the field catalogue; if no valid truthful value is possible, retain the capture and escalate the field/contract gap.",MD-S41:371
MD-E022,INVALID_PREMISE_ID,Discovery callable,A valid saved premise id is required before meter discovery can be submitted,Depends on calling stage; queued or already accepted records may exist. Check original transaction before retry.,"Complete or verify the saved parent premise, then reopen the existing discovery draft; do not attach it to a different premise to force acceptance.",MD-S27:3484; MD-S40:3156
MD-E023,INVALID_REMAINING_CREDIT,Payload validation,Remaining Credit must be a signed decimal value,"At callable validation this attempt is refused before its write. The same validator also runs during derivation, when a transaction already exists. Check the original ID after any uncertain attempt.","Enter signed decimal balance with its photo, or leave it blank and provide the approved reason. Do not use zero for unknown credit.",MD-S41:466
MD-E024,INVALID_REMAINING_CREDIT_COMMENT,Payload validation,Remaining Credit reason must use an approved option or Other with details,"At callable validation this attempt is refused before its write. The same validator also runs during derivation, when a transaction already exists. Check the original ID after any uncertain attempt.","Enter signed decimal balance with its photo, or leave it blank and provide the approved reason. Do not use zero for unknown credit.",MD-S41:517
MD-E025,INVALID_TRN_ID,Payload validation,Template: TRN id must start with ${METER_DISCOVERY_TRN_PREFIX},"At callable validation this attempt is refused before its write. The same validator also runs during derivation, when a transaction already exists. Check the original ID after any uncertain attempt.","Preserve the draft and report transaction/queue ID, exact message, route and build. Retry the same record when the underlying condition is resolved.",MD-S41:544
MD-E026,INVALID_TRN_TYPE,Payload validation,Template: trnType must be ${METER_DISCOVERY_TRN_TYPE},"At callable validation this attempt is refused before its write. The same validator also runs during derivation, when a transaction already exists. Check the original ID after any uncertain attempt.","Preserve the draft and report transaction/queue ID, exact message, route and build. Retry the same record when the underlying condition is resolved.",MD-S41:551
MD-E027,KEYPAD_PHOTO_REQUIRED,Payload validation,Keypad photo is required,"At callable validation this attempt is refused before its write. The same validator also runs during derivation, when a transaction already exists. Check the original ID after any uncertain attempt.",Capture or restore the photograph for the named evidence tag; verify its URI and upload. An unrelated photo does not satisfy this requirement.,MD-S41:812
MD-E028,KEYPAD_SERIAL_OR_COMMENT_REQUIRED,Payload validation,Prepaid keypad serial number or comment is required,"At callable validation this attempt is refused before its write. The same validator also runs during derivation, when a transaction already exists. Check the original ID after any uncertain attempt.","Correct the named field using the field catalogue; if no valid truthful value is possible, retain the capture and escalate the field/contract gap.",MD-S41:810
MD-E029,METER_IN_ANOTHER_TEAMS_BATCH,Batch ownership guard,Refusal identifies the allocated team/provider; exact sentence is assembled from current batch facts.,Depends on calling stage; queued or already accepted records may exist. Check original transaction before retry.,Return to supervisor for allocation/identity review. Do not relabel a finding to bypass the ownership check.,MD-S44:245
MD-E030,METER_PHOTO_REQUIRED,Payload validation,Meter number photo is required,"At callable validation this attempt is refused before its write. The same validator also runs during derivation, when a transaction already exists. Check the original ID after any uncertain attempt.",Capture or restore the photograph for the named evidence tag; verify its URI and upload. An unrelated photo does not satisfy this requirement.,MD-S41:688
MD-E031,METER_PLACEMENT_REQUIRED,Payload validation,Electricity meter placement is required,"At callable validation this attempt is refused before its write. The same validator also runs during derivation, when a transaction already exists. Check the original ID after any uncertain attempt.","Correct the named field using the field catalogue; if no valid truthful value is possible, retain the capture and escalate the field/contract gap.",MD-S41:322
MD-E032,METER_READING_PHOTO_REQUIRED,Payload validation,Meter reading photo is required,"At callable validation this attempt is refused before its write. The same validator also runs during derivation, when a transaction already exists. Check the original ID after any uncertain attempt.",Capture or restore the photograph for the named evidence tag; verify its URI and upload. An unrelated photo does not satisfy this requirement.,MD-S41:724
MD-E033,METER_READING_REQUIRED,Payload validation,Conventional water meter reading is required,"At callable validation this attempt is refused before its write. The same validator also runs during derivation, when a transaction already exists. Check the original ID after any uncertain attempt.",Recheck the water subtype and required creation reading/token reading plus its photograph; escalate undefined units rather than guessing.,MD-S41:722
MD-E034,MISSING_REQUIRED_FIELD,Payload validation,Template: ${missingField[0]} is required,"At callable validation this attempt is refused before its write. The same validator also runs during derivation, when a transaction already exists. Check the original ID after any uncertain attempt.","Correct the named field using the field catalogue; if no valid truthful value is possible, retain the capture and escalate the field/contract gap.",MD-S41:628
MD-E035,MISSING_REQUIRED_PARENT,Payload validation,Template: accessData.parents.${missingParent} is required,"At callable validation this attempt is refused before its write. The same validator also runs during derivation, when a transaction already exists. Check the original ID after any uncertain attempt.","Preserve the draft and report transaction/queue ID, exact message, route and build. Retry the same record when the underlying condition is resolved.",MD-S41:646
MD-E036,MM_AST_REFERENCE_CONFLICT,Master identity / derivation,Meter Master is already linked to a different AST,Depends on calling stage; queued or already accepted records may exist. Check original transaction before retry.,"Compare actual number, service and LM with the existing asset. Escalate the identity/schema conflict with transaction ID; do not create a new serial or overwrite master data.",MD-S51:281
MD-E037,MM_CANONICAL_FIELD_MISSING,Master identity / derivation,Meter Master is missing required canonical fields,Depends on calling stage; queued or already accepted records may exist. Check original transaction before retry.,"Compare actual number, service and LM with the existing asset. Escalate the identity/schema conflict with transaction ID; do not create a new serial or overwrite master data.",MD-S51:167
MD-E038,MM_CREATED_METADATA_INVALID,Master identity / derivation,Meter Master creation metadata is invalid,Depends on calling stage; queued or already accepted records may exist. Check original transaction before retry.,"Compare actual number, service and LM with the existing asset. Escalate the identity/schema conflict with transaction ID; do not create a new serial or overwrite master data.",MD-S51:206
MD-E039,MM_DOCUMENT_ID_NONCANONICAL,Master identity / derivation,Meter Master document ID is empty or noncanonical | Meter Master document ID is not canonical,Depends on calling stage; queued or already accepted records may exist. Check original transaction before retry.,"Compare actual number, service and LM with the existing asset. Escalate the identity/schema conflict with transaction ID; do not create a new serial or overwrite master data.",MD-S51:142; MD-S51:149
MD-E040,MM_DOCUMENT_SHAPE_UNSAFE,Master identity / derivation,Meter Master document is not an object | Meter Master canonical shape is unsafe,Depends on calling stage; queued or already accepted records may exist. Check original transaction before retry.,"Compare actual number, service and LM with the existing asset. Escalate the identity/schema conflict with transaction ID; do not create a new serial or overwrite master data.",MD-S51:158; MD-S51:179
MD-E041,MM_GOVERNED_FIELD_TYPE_INVALID,Master identity / derivation,Meter Master contains invalid governed field types | Meter Master update metadata is invalid,Depends on calling stage; queued or already accepted records may exist. Check original transaction before retry.,"Compare actual number, service and LM with the existing asset. Escalate the identity/schema conflict with transaction ID; do not create a new serial or overwrite master data.",MD-S51:199; MD-S51:214
MD-E042,MM_LM_CONFLICT,Master identity / derivation,Meter Master LM conflicts with the operational workflow,Depends on calling stage; queued or already accepted records may exist. Check original transaction before retry.,"Compare actual number, service and LM with the existing asset. Escalate the identity/schema conflict with transaction ID; do not create a new serial or overwrite master data.",MD-S51:244
MD-E043,MM_METER_TYPE_CONFLICT,Master identity / derivation,Meter Master meter type conflicts with the operational workflow,Depends on calling stage; queued or already accepted records may exist. Check original transaction before retry.,"Compare actual number, service and LM with the existing asset. Escalate the identity/schema conflict with transaction ID; do not create a new serial or overwrite master data.",MD-S51:252
MD-E044,MM_NORMALIZED_IDENTITY_CONFLICT,Master identity / derivation,Meter Master normalized identity conflicts with its document ID | Meter Master raw meter number does not resolve to its canonical identity,Depends on calling stage; queued or already accepted records may exist. Check original transaction before retry.,"Compare actual number, service and LM with the existing asset. Escalate the identity/schema conflict with transaction ID; do not create a new serial or overwrite master data.",MD-S51:222; MD-S51:235
MD-E045,NON_CANONICAL_CB_COMMENT_OTHER,Payload validation,"Circuit Breaker comment must contain the canonical custom explanation, not Other","At callable validation this attempt is refused before its write. The same validator also runs during derivation, when a transaction already exists. Check the original ID after any uncertain attempt.","Correct the named field using the field catalogue; if no valid truthful value is possible, retain the capture and escalate the field/contract gap.",MD-S41:796
MD-E046,NON_CANONICAL_KEYPAD_COMMENT_OTHER,Payload validation,"Keypad comment must contain the canonical custom explanation, not Other","At callable validation this attempt is refused before its write. The same validator also runs during derivation, when a transaction already exists. Check the original ID after any uncertain attempt.","Correct the named field using the field catalogue; if no valid truthful value is possible, retain the capture and escalate the field/contract gap.",MD-S41:814
MD-E047,NON_CANONICAL_MANUFACTURER_OTHER,Payload validation,"ast.astData.astManufacturer must contain the canonical custom manufacturer, not Other","At callable validation this attempt is refused before its write. The same validator also runs during derivation, when a transaction already exists. Check the original ID after any uncertain attempt.","Correct the named field using the field catalogue; if no valid truthful value is possible, retain the capture and escalate the field/contract gap.",MD-S41:601
MD-E048,NON_CANONICAL_NO_ACTION_REASON_OTHER,Payload validation,Type the reason.,"At callable validation this attempt is refused before its write. The same validator also runs during derivation, when a transaction already exists. Check the original ID after any uncertain attempt.","Recheck finding, one follow-on job at most, on-site fixes and any required reason. If phone accepts choices the server rejects, check release compatibility.",MD-S41:257
MD-E049,NON_CANONICAL_SEAL_COMMENT_OTHER,Payload validation,"Seal comment must contain the canonical custom explanation, not Other","At callable validation this attempt is refused before its write. The same validator also runs during derivation, when a transaction already exists. Check the original ID after any uncertain attempt.","Correct the named field using the field catalogue; if no valid truthful value is possible, retain the capture and escalate the field/contract gap.",MD-S41:780
MD-E050,NORMALISATION_ACTIONS_REQUIRED,Payload validation,Say what was done about this finding.,"At callable validation this attempt is refused before its write. The same validator also runs during derivation, when a transaction already exists. Check the original ID after any uncertain attempt.","Recheck finding, one follow-on job at most, on-site fixes and any required reason. If phone accepts choices the server rejects, check release compatibility.",MD-S41:186
MD-E051,NORMALISATION_NONE_NOT_EXCLUSIVE,Payload validation,None cannot be used with another action.,"At callable validation this attempt is refused before its write. The same validator also runs during derivation, when a transaction already exists. Check the original ID after any uncertain attempt.","Recheck finding, one follow-on job at most, on-site fixes and any required reason. If phone accepts choices the server rejects, check release compatibility.",MD-S41:207
MD-E052,NORMALISATION_ONE_JOB_ONLY,Payload validation,Choose one: disconnect or replace.,"At callable validation this attempt is refused before its write. The same validator also runs during derivation, when a transaction already exists. Check the original ID after any uncertain attempt.","Recheck finding, one follow-on job at most, on-site fixes and any required reason. If phone accepts choices the server rejects, check release compatibility.",MD-S41:214
MD-E053,NORMALISATION_PHOTO_REQUIRED,Payload validation,Photo proof of Normalisation is required,"At callable validation this attempt is refused before its write. The same validator also runs during derivation, when a transaction already exists. Check the original ID after any uncertain attempt.",Capture or restore the photograph for the named evidence tag; verify its URI and upload. An unrelated photo does not satisfy this requirement.,MD-S41:836
MD-E054,NORMALISATION_REASON_NOT_EXPECTED,Payload validation,"A reason for not acting belongs to a finding that needs action. | The work was done, so there is no reason for not acting.","At callable validation this attempt is refused before its write. The same validator also runs during derivation, when a transaction already exists. Check the original ID after any uncertain attempt.","Recheck finding, one follow-on job at most, on-site fixes and any required reason. If phone accepts choices the server rejects, check release compatibility.",MD-S41:227; MD-S41:237
MD-E055,NORMALISATION_REASON_REQUIRED,Payload validation,Say why the meter was not disconnected. / Say why the meter was not replaced.,"At callable validation this attempt is refused before its write. The same validator also runs during derivation, when a transaction already exists. Check the original ID after any uncertain attempt.","Recheck finding, one follow-on job at most, on-site fixes and any required reason. If phone accepts choices the server rejects, check release compatibility.",MD-S41:244
MD-E056,NO_ACCESS_PHOTO_REQUIRED,Payload validation,No-access photo is required,"At callable validation this attempt is refused before its write. The same validator also runs during derivation, when a transaction already exists. Check the original ID after any uncertain attempt.",Capture or restore the photograph for the named evidence tag; verify its URI and upload. An unrelated photo does not satisfy this requirement.,MD-S41:580
MD-E057,NO_ACCESS_REASON_REQUIRED,Payload validation,No-access reason is required,"At callable validation this attempt is refused before its write. The same validator also runs during derivation, when a transaction already exists. Check the original ID after any uncertain attempt.","Correct the named field using the field catalogue; if no valid truthful value is possible, retain the capture and escalate the field/contract gap.",MD-S41:573
MD-E058,OFF_GRID_PHOTO_REQUIRED,Payload validation,Off-Grid Supply photo is required,"At callable validation this attempt is refused before its write. The same validator also runs during derivation, when a transaction already exists. Check the original ID after any uncertain attempt.",Capture or restore the photograph for the named evidence tag; verify its URI and upload. An unrelated photo does not satisfy this requirement.,MD-S41:826
MD-E059,OFF_GRID_STATUS_REQUIRED,Payload validation,Off-grid supply status is required,"At callable validation this attempt is refused before its write. The same validator also runs during derivation, when a transaction already exists. Check the original ID after any uncertain attempt.","Correct the named field using the field catalogue; if no valid truthful value is possible, retain the capture and escalate the field/contract gap.",MD-S41:753
MD-E060,PREMISE_NOT_FOUND,Discovery callable,Parent premise does not exist in premises collection,Depends on calling stage; queued or already accepted records may exist. Check original transaction before retry.,"Complete or verify the saved parent premise, then reopen the existing discovery draft; do not attach it to a different premise to force acceptance.",MD-S27:3499; MD-S40:3171
MD-E061,PREMISE_NOT_READY,Local queue / connectivity,Parent premise is not ready yet. This draft will retry later.,Depends on calling stage; queued or already accepted records may exist. Check original transaction before retry.,"Complete or verify the saved parent premise, then reopen the existing discovery draft; do not attach it to a different premise to force acceptance.",MD-S17:339
MD-E062,QUEUE_BUSY,Local queue / connectivity,Queue processing already in progress,Depends on calling stage; queued or already accepted records may exist. Check original transaction before retry.,"Preserve the draft and report transaction/queue ID, exact message, route and build. Retry the same record when the underlying condition is resolved.",MD-S17:50
MD-E063,REMAINING_CREDIT_COMMENT_NOT_ALLOWED,Payload validation,Remaining Credit reason must be blank when a value is captured,"At callable validation this attempt is refused before its write. The same validator also runs during derivation, when a transaction already exists. Check the original ID after any uncertain attempt.","Enter signed decimal balance with its photo, or leave it blank and provide the approved reason. Do not use zero for unknown credit.",MD-S41:473
MD-E064,REMAINING_CREDIT_COMMENT_OTHER_REQUIRED,Payload validation,Specify the other Remaining Credit reason,"At callable validation this attempt is refused before its write. The same validator also runs during derivation, when a transaction already exists. Check the original ID after any uncertain attempt.","Enter signed decimal balance with its photo, or leave it blank and provide the approved reason. Do not use zero for unknown credit.",MD-S41:501
MD-E065,REMAINING_CREDIT_COMMENT_REQUIRED,Payload validation,Remaining Credit reason is required when no value is captured,"At callable validation this attempt is refused before its write. The same validator also runs during derivation, when a transaction already exists. Check the original ID after any uncertain attempt.","Enter signed decimal balance with its photo, or leave it blank and provide the approved reason. Do not use zero for unknown credit.",MD-S41:490
MD-E066,REMAINING_CREDIT_PHOTO_REQUIRED,Payload validation,Remaining Credit photo is required when a value is captured,"At callable validation this attempt is refused before its write. The same validator also runs during derivation, when a transaction already exists. Check the original ID after any uncertain attempt.",Capture or restore the photograph for the named evidence tag; verify its URI and upload. An unrelated photo does not satisfy this requirement.,MD-S41:480
MD-E067,SALES_TB_REFS_INVALID,Batch preparation / submission / derivation,The Sales document has an invalid tbRefs field.,Depends on calling stage; queued or already accepted records may exist. Check original transaction before retry.,"Reopen the assigned row, confirm team/workbase/ERF/premise and current row state; supervisor resolves correlation conflicts. Preserve the original transaction identity.",MD-S43:501; MD-S43:1050
MD-E068,SALES_TB_REF_DUPLICATE,Batch preparation / submission / derivation,Template: The Sales document contains duplicate references to ${tbId}.,Depends on calling stage; queued or already accepted records may exist. Check original transaction before retry.,"Reopen the assigned row, confirm team/workbase/ERF/premise and current row state; supervisor resolves correlation conflicts. Preserve the original transaction identity.",MD-S43:523; MD-S43:1072
MD-E069,SALES_TB_REF_METER_CONFLICT,Batch preparation / submission / derivation,The Sales Targeted Batch reference points to another meter.,Depends on calling stage; queued or already accepted records may exist. Check original transaction before retry.,"Reopen the assigned row, confirm team/workbase/ERF/premise and current row state; supervisor resolves correlation conflicts. Preserve the original transaction identity.",MD-S43:1420
MD-E070,SALES_TB_REF_NOT_FOUND,Batch preparation / submission / derivation,Template: The Sales document is not linked to ${tbId}.,Depends on calling stage; queued or already accepted records may exist. Check original transaction before retry.,"Reopen the assigned row, confirm team/workbase/ERF/premise and current row state; supervisor resolves correlation conflicts. Preserve the original transaction identity.",MD-S43:516; MD-S43:1065
MD-E071,SALES_TB_REF_PREMISE_CONFLICT,Batch preparation / submission / derivation,Template: The Sales reference for ${tbId} is linked to another premise. | The Sales Targeted Batch reference points to another premise.,Depends on calling stage; queued or already accepted records may exist. Check original transaction before retry.,"Reopen the assigned row, confirm team/workbase/ERF/premise and current row state; supervisor resolves correlation conflicts. Preserve the original transaction identity.",MD-S43:558; MD-S43:1409
MD-E072,SALES_TB_REF_ROW_CONFLICT,Batch preparation / submission / derivation,Template: The Sales reference for ${tbId} belongs to another TB Row.,Depends on calling stage; queued or already accepted records may exist. Check original transaction before retry.,"Reopen the assigned row, confirm team/workbase/ERF/premise and current row state; supervisor resolves correlation conflicts. Preserve the original transaction identity.",MD-S43:540; MD-S43:1083
MD-E073,SALES_TB_REF_TRN_CONFLICT,Batch preparation / submission / derivation,The Sales Targeted Batch reference points to another TRN.,Depends on calling stage; queued or already accepted records may exist. Check original transaction before retry.,"Reopen the assigned row, confirm team/workbase/ERF/premise and current row state; supervisor resolves correlation conflicts. Preserve the original transaction identity.",MD-S43:1431
MD-E074,SEAL_NUMBER_OR_COMMENT_REQUIRED,Payload validation,Electricity meter seal number or comment is required,"At callable validation this attempt is refused before its write. The same validator also runs during derivation, when a transaction already exists. Check the original ID after any uncertain attempt.","Correct the named field using the field catalogue; if no valid truthful value is possible, retain the capture and escalate the field/contract gap.",MD-S41:776
MD-E075,SEAL_PHOTO_REQUIRED,Payload validation,Seal photo is required,"At callable validation this attempt is refused before its write. The same validator also runs during derivation, when a transaction already exists. Check the original ID after any uncertain attempt.",Capture or restore the photograph for the named evidence tag; verify its URI and upload. An unrelated photo does not satisfy this requirement.,MD-S41:778
MD-E076,TARGETED_BATCH_ACCESS_DENIED,Batch preparation / submission / derivation,Targeted Batch access denied.,Depends on calling stage; queued or already accepted records may exist. Check original transaction before retry.,"Reopen the assigned row, confirm team/workbase/ERF/premise and current row state; supervisor resolves correlation conflicts. Preserve the original transaction identity.",MD-S43:996
MD-E077,TARGETED_BATCH_ALLOCATION_TARGET_INVALID,Batch preparation / submission / derivation,A TEAM or Service Provider allocation is required.,Depends on calling stage; queued or already accepted records may exist. Check original transaction before retry.,"Reopen the assigned row, confirm team/workbase/ERF/premise and current row state; supervisor resolves correlation conflicts. Preserve the original transaction identity.",MD-S43:1006
MD-E078,TARGETED_BATCH_COMPLETION_CONFLICT,Batch preparation / submission / derivation,The Targeted Batch row is already completed with different linkage.,Depends on calling stage; queued or already accepted records may exist. Check original transaction before retry.,"Reopen the assigned row, confirm team/workbase/ERF/premise and current row state; supervisor resolves correlation conflicts. Preserve the original transaction identity.",MD-S43:1639
MD-E079,TARGETED_BATCH_CONTEXT_INCOMPLETE,Batch preparation / submission / derivation,"Template: Targeted Batch premise context is missing: ${missing.join("", "")}.",Depends on calling stage; queued or already accepted records may exist. Check original transaction before retry.,"Reopen the assigned row, confirm team/workbase/ERF/premise and current row state; supervisor resolves correlation conflicts. Preserve the original transaction identity.",MD-S43:469
MD-E080,TARGETED_BATCH_CONTEXT_INVALID,Batch preparation / submission / derivation,The Meter Discovery Targeted Batch context is invalid. | The Meter Discovery TRN carries invalid Targeted Batch context.,Depends on calling stage; queued or already accepted records may exist. Check original transaction before retry.,"Reopen the assigned row, confirm team/workbase/ERF/premise and current row state; supervisor resolves correlation conflicts. Preserve the original transaction identity.",MD-S43:1204; MD-S43:1525
MD-E081,TARGETED_BATCH_ERF_LINK_MISMATCH,Batch preparation / submission / derivation,The Targeted Batch Row points to another ERF. | The premise payload points to another ERF. | The linked premise belongs to another ERF.,Depends on calling stage; queued or already accepted records may exist. Check original transaction before retry.,"Reopen the assigned row, confirm team/workbase/ERF/premise and current row state; supervisor resolves correlation conflicts. Preserve the original transaction identity.",MD-S43:700; MD-S43:707; MD-S43:1145; MD-S43:1159
MD-E082,TARGETED_BATCH_EXECUTION_COMPLETED,Batch preparation / submission / derivation,Template: ${tbId} has already completed execution. | Template: ${rowId} has already completed execution. | Template: The Sales field work for ${tbId} has already completed.,Depends on calling stage; queued or already accepted records may exist. Check original transaction before retry.,"Reopen the assigned row, confirm team/workbase/ERF/premise and current row state; supervisor resolves correlation conflicts. Preserve the original transaction identity.",MD-S43:272; MD-S43:318; MD-S43:551
MD-E083,TARGETED_BATCH_EXECUTION_STATE_INVALID,Batch preparation / submission / derivation,"Template: ${tbId} has unsupported execution status ${executionStatus || ""UNKNOWN""}.",Depends on calling stage; queued or already accepted records may exist. Check original transaction before retry.,"Reopen the assigned row, confirm team/workbase/ERF/premise and current row state; supervisor resolves correlation conflicts. Preserve the original transaction identity.",MD-S43:279
MD-E084,TARGETED_BATCH_LM_SCOPE_MISMATCH,Batch preparation / submission / derivation,"The Targeted Batch, TB Row, ERF and premise do not share one LM scope.",Depends on calling stage; queued or already accepted records may exist. Check original transaction before retry.,"Reopen the assigned row, confirm team/workbase/ERF/premise and current row state; supervisor resolves correlation conflicts. Preserve the original transaction identity.",MD-S43:136
MD-E085,TARGETED_BATCH_METER_DISCOVERY_RESULT_INCOMPLETE,Batch preparation / submission / derivation,"The Meter Discovery result is missing its premise, meter or TRN linkage.",Depends on calling stage; queued or already accepted records may exist. Check original transaction before retry.,"Reopen the assigned row, confirm team/workbase/ERF/premise and current row state; supervisor resolves correlation conflicts. Preserve the original transaction identity.",MD-S43:1544
MD-E086,TARGETED_BATCH_NOT_ACCEPTED,Batch preparation / submission / derivation,Template: ${tbId} has not been accepted for field execution.,Depends on calling stage; queued or already accepted records may exist. Check original transaction before retry.,"Reopen the assigned row, confirm team/workbase/ERF/premise and current row state; supervisor resolves correlation conflicts. Preserve the original transaction identity.",MD-S43:264
MD-E087,TARGETED_BATCH_NOT_ALLOCATED,Batch preparation / submission / derivation,Template: ${tbId} has not been allocated for field execution.,Depends on calling stage; queued or already accepted records may exist. Check original transaction before retry.,"Reopen the assigned row, confirm team/workbase/ERF/premise and current row state; supervisor resolves correlation conflicts. Preserve the original transaction identity.",MD-S43:256
MD-E088,TARGETED_BATCH_NOT_ASSIGNED_TO_ACTOR,Batch preparation / submission / derivation,The Targeted Batch is not assigned to this field user.,Depends on calling stage; queued or already accepted records may exist. Check original transaction before retry.,"Reopen the assigned row, confirm team/workbase/ERF/premise and current row state; supervisor resolves correlation conflicts. Preserve the original transaction identity.",MD-S43:1030
MD-E089,TARGETED_BATCH_NOT_READY,Batch preparation / submission / derivation,Template: ${tbId} has not completed permanent Targeted Batch creation.,Depends on calling stage; queued or already accepted records may exist. Check original transaction before retry.,"Reopen the assigned row, confirm team/workbase/ERF/premise and current row state; supervisor resolves correlation conflicts. Preserve the original transaction identity.",MD-S43:248
MD-E090,TARGETED_BATCH_OPERATION_TYPE_INVALID,Batch preparation / submission / derivation,Premise creation is only supported for Meter Discovery Targeted Batch rows.,Depends on calling stage; queued or already accepted records may exist. Check original transaction before retry.,"Reopen the assigned row, confirm team/workbase/ERF/premise and current row state; supervisor resolves correlation conflicts. Preserve the original transaction identity.",MD-S43:480
MD-E091,TARGETED_BATCH_PARENT_ID_MISMATCH,Batch preparation / submission / derivation,The Targeted Batch parent ID does not match the request.,Depends on calling stage; queued or already accepted records may exist. Check original transaction before retry.,"Reopen the assigned row, confirm team/workbase/ERF/premise and current row state; supervisor resolves correlation conflicts. Preserve the original transaction identity.",MD-S43:669; MD-S43:1110
MD-E092,TARGETED_BATCH_PREMISE_CONFLICT,Batch preparation / submission / derivation,Template: ${context.rowId} is linked to another premise. | The existing premise belongs to another ERF.,Depends on calling stage; queued or already accepted records may exist. Check original transaction before retry.,"Reopen the assigned row, confirm team/workbase/ERF/premise and current row state; supervisor resolves correlation conflicts. Preserve the original transaction identity.",MD-S43:738; MD-S43:346
MD-E093,TARGETED_BATCH_PREMISE_CONTEXT_CONFLICT,Batch preparation / submission / derivation,The existing premise is linked to another Targeted Batch row.,Depends on calling stage; queued or already accepted records may exist. Check original transaction before retry.,"Reopen the assigned row, confirm team/workbase/ERF/premise and current row state; supervisor resolves correlation conflicts. Preserve the original transaction identity.",MD-S43:363
MD-E094,TARGETED_BATCH_PREMISE_CONTEXT_MISMATCH,Batch preparation / submission / derivation,The linked premise does not carry the expected Targeted Batch context.,Depends on calling stage; queued or already accepted records may exist. Check original transaction before retry.,"Reopen the assigned row, confirm team/workbase/ERF/premise and current row state; supervisor resolves correlation conflicts. Preserve the original transaction identity.",MD-S43:1169
MD-E095,TARGETED_BATCH_PREMISE_LINK_MISMATCH,Batch preparation / submission / derivation,The Targeted Batch Row points to another premise.,Depends on calling stage; queued or already accepted records may exist. Check original transaction before retry.,"Reopen the assigned row, confirm team/workbase/ERF/premise and current row state; supervisor resolves correlation conflicts. Preserve the original transaction identity.",MD-S43:1152
MD-E096,TARGETED_BATCH_PREMISE_LINK_MISSING,Batch preparation / submission / derivation,A linked Targeted Batch premise is required.,Depends on calling stage; queued or already accepted records may exist. Check original transaction before retry.,"Reopen the assigned row, confirm team/workbase/ERF/premise and current row state; supervisor resolves correlation conflicts. Preserve the original transaction identity.",MD-S43:1234
MD-E097,TARGETED_BATCH_ROW_EXECUTION_STATE_INVALID,Batch preparation / submission / derivation,"Template: ${rowId} has unsupported execution status ${executionStatus || ""UNKNOWN""}.",Depends on calling stage; queued or already accepted records may exist. Check original transaction before retry.,"Reopen the assigned row, confirm team/workbase/ERF/premise and current row state; supervisor resolves correlation conflicts. Preserve the original transaction identity.",MD-S43:325
MD-E098,TARGETED_BATCH_ROW_ID_MISMATCH,Batch preparation / submission / derivation,The Targeted Batch Row ID does not match the request.,Depends on calling stage; queued or already accepted records may exist. Check original transaction before retry.,"Reopen the assigned row, confirm team/workbase/ERF/premise and current row state; supervisor resolves correlation conflicts. Preserve the original transaction identity.",MD-S43:683; MD-S43:1124
MD-E099,TARGETED_BATCH_ROW_NOT_ACCEPTED,Batch preparation / submission / derivation,Template: ${rowId} is not an accepted Targeted Batch row.,Depends on calling stage; queued or already accepted records may exist. Check original transaction before retry.,"Reopen the assigned row, confirm team/workbase/ERF/premise and current row state; supervisor resolves correlation conflicts. Preserve the original transaction identity.",MD-S43:295
MD-E100,TARGETED_BATCH_ROW_NOT_ALLOCATABLE,Batch preparation / submission / derivation,Template: ${rowId} is not allocatable.,Depends on calling stage; queued or already accepted records may exist. Check original transaction before retry.,"Reopen the assigned row, confirm team/workbase/ERF/premise and current row state; supervisor resolves correlation conflicts. Preserve the original transaction identity.",MD-S43:303
MD-E101,TARGETED_BATCH_ROW_NOT_ALLOCATED,Batch preparation / submission / derivation,Template: ${rowId} has not been allocated for field execution.,Depends on calling stage; queued or already accepted records may exist. Check original transaction before retry.,"Reopen the assigned row, confirm team/workbase/ERF/premise and current row state; supervisor resolves correlation conflicts. Preserve the original transaction identity.",MD-S43:310
MD-E102,TARGETED_BATCH_ROW_PARENT_MISMATCH,Batch preparation / submission / derivation,The Targeted Batch Row belongs to another parent batch.,Depends on calling stage; queued or already accepted records may exist. Check original transaction before retry.,"Reopen the assigned row, confirm team/workbase/ERF/premise and current row state; supervisor resolves correlation conflicts. Preserve the original transaction identity.",MD-S43:676; MD-S43:1117
MD-E103,TARGETED_BATCH_SALES_LINK_MISMATCH,Batch preparation / submission / derivation,The Targeted Batch Row points to another Sales document. | The Targeted Batch context points to another Sales document.,Depends on calling stage; queued or already accepted records may exist. Check original transaction before retry.,"Reopen the assigned row, confirm team/workbase/ERF/premise and current row state; supervisor resolves correlation conflicts. Preserve the original transaction identity.",MD-S43:693; MD-S43:1131; MD-S43:1138
MD-E104,TARGETED_BATCH_SCOPE_MISSING,Batch preparation / submission / derivation,Template: ${label} does not carry the required LM and ward scope.,Depends on calling stage; queued or already accepted records may exist. Check original transaction before retry.,"Reopen the assigned row, confirm team/workbase/ERF/premise and current row state; supervisor resolves correlation conflicts. Preserve the original transaction identity.",MD-S43:103
MD-E105,TARGETED_BATCH_USE_NO_ACCESS_FLOW,Batch preparation / submission / derivation,Use the Targeted Batch No Access action when the site cannot be accessed.,Depends on calling stage; queued or already accepted records may exist. Check original transaction before retry.,Use the dedicated Targeted Batch No Access action for this assigned visit. Preserve any existing draft/evidence and resolve the route with the supervisor; do not invent an accessed meter.,MD-S43:1213
MD-E106,TARGETED_BATCH_WARD_SCOPE_MISMATCH,Batch preparation / submission / derivation,"The Targeted Batch, TB Row, ERF and premise do not share one ward scope.",Depends on calling stage; queued or already accepted records may exist. Check original transaction before retry.,"Reopen the assigned row, confirm team/workbase/ERF/premise and current row state; supervisor resolves correlation conflicts. Preserve the original transaction identity.",MD-S43:156
MD-E107,TOKEN_READING_PHOTO_REQUIRED,Payload validation,Token reading photo is required,"At callable validation this attempt is refused before its write. The same validator also runs during derivation, when a transaction already exists. Check the original ID after any uncertain attempt.",Capture or restore the photograph for the named evidence tag; verify its URI and upload. An unrelated photo does not satisfy this requirement.,MD-S41:735
MD-E108,TOKEN_READING_REQUIRED,Payload validation,Prepaid water token reading is required,"At callable validation this attempt is refused before its write. The same validator also runs during derivation, when a transaction already exists. Check the original ID after any uncertain attempt.",Recheck the water subtype and required creation reading/token reading plus its photograph; escalate undefined units rather than guessing.,MD-S41:733
MD-E109,UNAUTHENTICATED,Batch preparation / submission / derivation,Authentication is required.,Depends on calling stage; queued or already accepted records may exist. Check original transaction before retry.,"Sign in with the intended account, preserve the existing draft and retry after the session is restored.",MD-S43:1222
MD-E110,UNKNOWN_QUEUE_FORM_TYPE,Local queue / connectivity,This local queue item does not have a recognised form type and cannot be synced safely.,Depends on calling stage; queued or already accepted records may exist. Check original transaction before retry.,"Preserve the draft and report transaction/queue ID, exact message, route and build. Retry the same record when the underlying condition is resolved.",MD-S17:197
