content_id,path,kind,content_status,application_status,owner,review_date,publication
AC-001,00-academy-governance/ACADEMY_CHARTER.md,governance,approved organisation / open product decisions,not applicable,iREPS Academy Codex workstream,2026-09-23,not published by this consolidation
AC-002,00-academy-governance/CONTRIBUTING.md,governance,approved organisation / open product decisions,not applicable,iREPS Academy Codex workstream,2026-09-23,not published by this consolidation
AC-003,00-academy-governance/EXTERNAL_DEPENDENCIES.md,governance,approved organisation / open product decisions,not applicable,iREPS Academy Codex workstream,2026-09-23,not published by this consolidation
AC-004,00-academy-governance/MIGRATION_RECORD.md,governance,approved organisation / open product decisions,not applicable,iREPS Academy Codex workstream,2026-09-23,not published by this consolidation
AC-005,00-academy-governance/OWNER_DECISIONS.md,governance,approved organisation / open product decisions,not applicable,iREPS Academy Codex workstream,2026-09-23,not published by this consolidation
AC-006,00-academy-governance/RECOVERY.md,governance,approved organisation / open product decisions,not applicable,iREPS Academy Codex workstream,2026-09-23,not published by this consolidation
AC-007,00-academy-governance/source-assessments/ireps-full-functionality-report.md,historical assessment,source material,historical; unverified,iREPS Academy Codex workstream,2026-09-23,not published by this consolidation
AC-008,00-academy-governance/source-assessments/mobile-glossary-before-consolidation.md,historical assessment,source material,historical; unverified,iREPS Academy Codex workstream,2026-09-23,not published by this consolidation
AC-009,00-academy-governance/source-assessments/mobile-manual-before-consolidation.md,historical assessment,source material,historical; unverified,iREPS Academy Codex workstream,2026-09-23,not published by this consolidation
AC-010,00-academy-governance/source-assessments/onboarding-code-report.md,historical assessment,source material,historical; unverified,iREPS Academy Codex workstream,2026-09-23,not published by this consolidation
AC-011,00-academy-governance/source-assessments/sales-monthly-refresh-population-as-built-2026-09-05.md,historical assessment,source material,historical; unverified,iREPS Academy Codex workstream,2026-09-23,not published by this consolidation
AC-012,00-academy-governance/SOURCE_REGISTER.csv,governance,approved organisation / open product decisions,not applicable,iREPS Academy Codex workstream,2026-09-23,not published by this consolidation
AC-013,00-academy-governance/WORKFLOW_COVERAGE.md,governance,approved organisation / open product decisions,not applicable,iREPS Academy Codex workstream,2026-09-23,not published by this consolidation
AC-014,01-body-of-knowledge/ireps-academy-body-of-knowledge-v1.md,learning material,draft / planned outline,see workflow coverage; release verification required,iREPS Academy Codex workstream,2026-09-23,not published by this consolidation
AC-015,01-body-of-knowledge/platform-and-governance.md,learning material,draft / planned outline,see workflow coverage; release verification required,iREPS Academy Codex workstream,2026-09-23,not published by this consolidation
AC-016,02-user-manual/mobile/change-sign-in-email.md,learning material,review draft / source inventory; unresolved details explicit,source observed or proposed; release unverified,iREPS Academy Codex workstream,2026-09-25,not published as accepted training
AC-017,02-user-manual/mobile/invite-a-user.md,learning material,review draft / source inventory; unresolved details explicit,source observed or proposed; release unverified,iREPS Academy Codex workstream,2026-09-25,not published as accepted training
AC-018,02-user-manual/mobile/iREPS_Mobile_User_Manual.md,learning material,draft / planned outline,see workflow coverage; release verification required,iREPS Academy Codex workstream,2026-09-23,not published by this consolidation
AC-019,02-user-manual/mobile/meter-reading-and-billing-handoff.md,learning material,draft / planned outline,see workflow coverage; release verification required,iREPS Academy Codex workstream,2026-09-23,not published by this consolidation
AC-020,02-user-manual/mobile/offline-submissions.md,learning material,draft / planned outline,see workflow coverage; release verification required,iREPS Academy Codex workstream,2026-09-23,not published by this consolidation
AC-021,02-user-manual/mobile/README.md,learning material,draft / planned outline,see workflow coverage; release verification required,iREPS Academy Codex workstream,2026-09-23,not published by this consolidation
AC-022,02-user-manual/mobile/signup.md,learning material,review draft / source inventory; unresolved details explicit,source observed or proposed; release unverified,iREPS Academy Codex workstream,2026-09-25,not published as accepted training
AC-023,02-user-manual/README.md,learning material,draft / planned outline,see workflow coverage; release verification required,iREPS Academy Codex workstream,2026-09-23,not published by this consolidation
AC-024,02-user-manual/shared/change-password.md,learning material,review draft / source inventory; unresolved details explicit,source observed or proposed; release unverified,iREPS Academy Codex workstream,2026-09-25,not published as accepted training
AC-025,02-user-manual/shared/password-reset.md,learning material,review draft / source inventory; unresolved details explicit,source observed or proposed; release unverified,iREPS Academy Codex workstream,2026-09-25,not published as accepted training
AC-026,02-user-manual/shared/qa-and-corrections.md,learning material,draft / planned outline,see workflow coverage; release verification required,iREPS Academy Codex workstream,2026-09-23,not published by this consolidation
AC-027,02-user-manual/shared/README.md,learning material,draft / planned outline,see workflow coverage; release verification required,iREPS Academy Codex workstream,2026-09-23,not published by this consolidation
AC-028,02-user-manual/shared/roles-and-access.md,learning material,draft / planned outline,see workflow coverage; release verification required,iREPS Academy Codex workstream,2026-09-23,not published by this consolidation
AC-029,02-user-manual/shared/signin.md,learning material,review draft / source inventory; unresolved details explicit,source observed or proposed; release unverified,iREPS Academy Codex workstream,2026-09-25,not published as accepted training
AC-030,02-user-manual/web/gps-sales-map-batch-geofence.md,learning material,draft / planned outline,see workflow coverage; release verification required,iREPS Academy Codex workstream,2026-09-23,not published by this consolidation
AC-031,02-user-manual/web/README.md,learning material,draft / planned outline,see workflow coverage; release verification required,iREPS Academy Codex workstream,2026-09-23,not published by this consolidation
AC-032,03-in-app-help/README.md,learning material,draft / planned outline,see workflow coverage; release verification required,iREPS Academy Codex workstream,2026-09-23,not published by this consolidation
AC-033,04-courses/README.md,learning material,draft / planned outline,see workflow coverage; release verification required,iREPS Academy Codex workstream,2026-09-23,not published by this consolidation
AC-034,05-video-scripts/01-meter-inspection.md,release-specific learning asset,draft / preview,proposed 2026-09-27; deployment unverified,iREPS Academy Codex workstream,2026-09-23,not published by this consolidation
AC-035,05-video-scripts/02-disconnect-meter.md,release-specific learning asset,draft / preview,proposed 2026-09-27; deployment unverified,iREPS Academy Codex workstream,2026-09-23,not published by this consolidation
AC-036,05-video-scripts/03-replace-meter.md,release-specific learning asset,draft / preview,proposed 2026-09-27; deployment unverified,iREPS Academy Codex workstream,2026-09-23,not published by this consolidation
AC-037,05-video-scripts/04-meter-discovery-normalisation.md,release-specific learning asset,draft / preview,proposed 2026-09-27; deployment unverified,iREPS Academy Codex workstream,2026-09-23,not published by this consolidation
AC-038,05-video-scripts/05-when-it-will-not-send.md,release-specific learning asset,draft / preview,proposed 2026-09-27; deployment unverified,iREPS Academy Codex workstream,2026-09-23,not published by this consolidation
AC-039,05-video-scripts/README.md,learning material,draft / planned outline,see workflow coverage; release verification required,iREPS Academy Codex workstream,2026-09-23,not published by this consolidation
AC-040,06-audio-scripts/README.md,learning material,draft / planned outline,see workflow coverage; release verification required,iREPS Academy Codex workstream,2026-09-23,not published by this consolidation
AC-041,07-media-and-evidence/README.md,learning material,version 0.2 visual review draft,see workflow coverage; release verification required,iREPS Academy Codex workstream,2026-09-23,not published by this consolidation
AC-042,08-utility-systems/power-systems/README.md,learning material,draft / planned outline,see workflow coverage; release verification required,iREPS Academy Codex workstream,2026-09-23,not published by this consolidation
AC-043,08-utility-systems/README.md,learning material,draft / planned outline,see workflow coverage; release verification required,iREPS Academy Codex workstream,2026-09-23,not published by this consolidation
AC-044,08-utility-systems/water-and-sanitation-systems/README.md,learning material,draft / planned outline,see workflow coverage; release verification required,iREPS Academy Codex workstream,2026-09-23,not published by this consolidation
AC-045,09-fieldwork/field-guide-2026-09-27.html,release-specific learning asset,draft / preview,proposed 2026-09-27; deployment unverified,iREPS Academy Codex workstream,2026-09-23,not published by this consolidation
AC-046,09-fieldwork/field-guide-build.py,release-specific learning asset,draft / preview,proposed 2026-09-27; deployment unverified,iREPS Academy Codex workstream,2026-09-23,not published by this consolidation
AC-047,09-fieldwork/field-guide-flows.js,release-specific learning asset,draft / preview,proposed 2026-09-27; deployment unverified,iREPS Academy Codex workstream,2026-09-23,not published by this consolidation
AC-048,09-fieldwork/field-guide-template.html,release-specific learning asset,draft / preview,proposed 2026-09-27; deployment unverified,iREPS Academy Codex workstream,2026-09-23,not published by this consolidation
AC-049,09-fieldwork/README.md,learning material,draft / planned outline,see workflow coverage; release verification required,iREPS Academy Codex workstream,2026-09-23,not published by this consolidation
AC-050,10-assessments/README.md,learning material,draft / planned outline,see workflow coverage; release verification required,iREPS Academy Codex workstream,2026-09-23,not published by this consolidation
AC-051,11-troubleshooting/README.md,learning material,draft / planned outline,see workflow coverage; release verification required,iREPS Academy Codex workstream,2026-09-23,not published by this consolidation
AC-052,12-quick-reference-cards/README.md,learning material,draft / planned outline,see workflow coverage; release verification required,iREPS Academy Codex workstream,2026-09-23,not published by this consolidation
AC-053,13-utility-revenue-and-finance-controls/utility-revenue-and-finance-controls-v1.md,learning material,draft / planned outline,see workflow coverage; release verification required,iREPS Academy Codex workstream,2026-09-23,not published by this consolidation
AC-054,14-faq/README.md,learning material,draft / planned outline,see workflow coverage; release verification required,iREPS Academy Codex workstream,2026-09-23,not published by this consolidation
AC-055,15-dictionary/iREPS_Master_Dictionary.md,terminology,controlled reference; candidate terms under review,not an availability assertion,iREPS Academy Codex workstream,2026-09-23,not published by this consolidation
AC-056,15-dictionary/TERM_RECONCILIATION.md,terminology,controlled reference; candidate terms under review,not an availability assertion,iREPS Academy Codex workstream,2026-09-23,not published by this consolidation
AC-057,AGENTS.md,governance,approved organisation / open product decisions,not applicable,iREPS Academy Codex workstream,2026-09-23,not published by this consolidation
AC-058,README.md,governance,approved organisation / open product decisions,not applicable,iREPS Academy Codex workstream,2026-09-23,not published by this consolidation
AC-059,00-academy-governance/CONTENT_INDEX.md,governance register,approved organisation,not applicable,iREPS Academy Codex workstream,2026-09-23,not published by this consolidation
AC-060,00-academy-governance/CONTENT_REGISTER.csv,governance register,approved organisation,not applicable,iREPS Academy Codex workstream,2026-09-23,not published by this consolidation
AC-061,00-academy-governance/COMPLETION_REPORT.md,governance report,completed consolidation record,not an availability assertion,iREPS Academy Codex workstream,2026-09-23,not published by this consolidation
AC-062,00-academy-governance/MODULE_CONTENT_STANDARD.md,module governance / source assessment,version 0.1 review draft,source snapshots; deployment and acceptance unverified,iREPS Academy Codex workstream,2026-09-23,not published; release and content review pending
AC-063,00-academy-governance/source-assessments/meter-discover-source-baseline-2026-09-23.md,module governance / source assessment,version 0.1 review draft,source snapshots; deployment and acceptance unverified,iREPS Academy Codex workstream,2026-09-23,not published; release and content review pending
AC-064,01-body-of-knowledge/meter-discover-body-of-knowledge.md,Meter Discovery learning/reference material,version 0.2 visual review draft,source snapshots; deployment and acceptance unverified,iREPS Academy Codex workstream,2026-09-23,not published; release and content review pending
AC-065,01-body-of-knowledge/meter-discover-error-register.csv,Meter Discovery learning/reference material,version 0.1 review draft,source snapshots; deployment and acceptance unverified,iREPS Academy Codex workstream,2026-09-23,not published; release and content review pending
AC-066,01-body-of-knowledge/meter-discover-error-register.md,Meter Discovery learning/reference material,version 0.1 review draft,source snapshots; deployment and acceptance unverified,iREPS Academy Codex workstream,2026-09-23,not published; release and content review pending
AC-067,01-body-of-knowledge/meter-discover-field-catalogue.csv,Meter Discovery learning/reference material,version 0.1 review draft,source snapshots; deployment and acceptance unverified,iREPS Academy Codex workstream,2026-09-23,not published; release and content review pending
AC-068,01-body-of-knowledge/meter-discover-field-catalogue.md,Meter Discovery learning/reference material,version 0.1 review draft,source snapshots; deployment and acceptance unverified,iREPS Academy Codex workstream,2026-09-23,not published; release and content review pending
AC-069,01-body-of-knowledge/meter-discover-rules-and-data.md,Meter Discovery learning/reference material,version 0.1 review draft,source snapshots; deployment and acceptance unverified,iREPS Academy Codex workstream,2026-09-23,not published; release and content review pending
AC-070,02-user-manual/mobile/meter-discover-user-manual.md,Meter Discovery learning/reference material,version 0.2 visual review draft,source snapshots; deployment and acceptance unverified,iREPS Academy Codex workstream,2026-09-23,not published; release and content review pending
AC-071,10-assessments/meter-discover-scenarios.md,Meter Discovery learning/reference material,version 0.1 review draft,source snapshots; deployment and acceptance unverified,iREPS Academy Codex workstream,2026-09-23,not published; release and content review pending
AC-072,00-academy-governance/source-assessments/meter-discover-visual-revision-2026-09-23.md,Meter Discovery revision evidence,version 0.2 visual review draft,documentation only; no deployment claim,iREPS Academy Codex workstream,2026-09-23,not published; review pending
AC-073,07-media-and-evidence/meter-discover-media-register.md,Meter Discovery teaching media,version 0.2 visual review draft,documentation only; no deployment claim,iREPS Academy Codex workstream,2026-09-23,not published; review pending
AC-074,07-media-and-evidence/meter-discover-outside-erf.svg,Meter Discovery teaching media,version 0.2 visual review draft,documentation only; no deployment claim,iREPS Academy Codex workstream,2026-09-23,not published; review pending
AC-075,07-media-and-evidence/meter-discover-placement-boundary-wall.png,Meter Discovery teaching media,version 0.2 visual review draft,documentation only; no deployment claim,iREPS Academy Codex workstream,2026-09-23,not published; review pending
AC-076,07-media-and-evidence/meter-discover-placement-inside-property.png,Meter Discovery teaching media,version 0.2 visual review draft,documentation only; no deployment claim,iREPS Academy Codex workstream,2026-09-23,not published; review pending
AC-077,07-media-and-evidence/meter-discover-placement-kiosk.png,Meter Discovery teaching media,version 0.2 visual review draft,documentation only; no deployment claim,iREPS Academy Codex workstream,2026-09-23,not published; review pending
AC-078,07-media-and-evidence/meter-discover-placement-meter-room.png,Meter Discovery teaching media,version 0.2 visual review draft,documentation only; no deployment claim,iREPS Academy Codex workstream,2026-09-23,not published; review pending
AC-079,07-media-and-evidence/meter-discover-placement-other.png,Meter Discovery teaching media,version 0.2 visual review draft,documentation only; no deployment claim,iREPS Academy Codex workstream,2026-09-23,not published; review pending
AC-080,07-media-and-evidence/meter-discover-placement-pole-bottom.png,Meter Discovery teaching media,version 0.2 visual review draft,documentation only; no deployment claim,iREPS Academy Codex workstream,2026-09-23,not published; review pending
AC-081,07-media-and-evidence/meter-discover-placement-pole-top.png,Meter Discovery teaching media,version 0.2 visual review draft,documentation only; no deployment claim,iREPS Academy Codex workstream,2026-09-23,not published; review pending
AC-082,07-media-and-evidence/meter-discover-placement-wall-indoors.png,Meter Discovery teaching media,version 0.2 visual review draft,documentation only; no deployment claim,iREPS Academy Codex workstream,2026-09-23,not published; review pending
AC-083,00-academy-governance/FORM_MODULE_INVENTORY.csv,source evidence,review draft / source inventory; unresolved details explicit,source observed or proposed; release unverified,iREPS Academy Codex workstream,2026-09-25,not published as accepted training
AC-084,00-academy-governance/FORM_SOURCE_CANDIDATES.csv,source evidence,review draft / source inventory; unresolved details explicit,source observed or proposed; release unverified,iREPS Academy Codex workstream,2026-09-25,not published as accepted training
AC-085,00-academy-governance/FORMS_INVESTIGATION_2026-09-25.md,governance,review draft / source inventory; unresolved details explicit,source observed or proposed; release unverified,iREPS Academy Codex workstream,2026-09-25,not published as accepted training
AC-086,00-academy-governance/FORMS_REPOSITORY_SCOPE.csv,source evidence,review draft / source inventory; unresolved details explicit,source observed or proposed; release unverified,iREPS Academy Codex workstream,2026-09-25,not published as accepted training
AC-087,00-academy-governance/FORMS_SOURCE_BASELINE_2026-09-25.csv,source evidence,review draft / source inventory; unresolved details explicit,source observed or proposed; release unverified,iREPS Academy Codex workstream,2026-09-25,not published as accepted training
AC-088,00-academy-governance/HANDOVER-2026-09-24-sales-path-and-normal-path.md,governance,review draft / source inventory; unresolved details explicit,source observed or proposed; release unverified,iREPS Academy Codex workstream,2026-09-25,not published as accepted training
AC-089,01-body-of-knowledge/bgo-planning-body-of-knowledge.md,learning document,review draft / source inventory; unresolved details explicit,source observed or proposed; release unverified,iREPS Academy Codex workstream,2026-09-25,not published as accepted training
AC-090,01-body-of-knowledge/bgo-planning-error-register.csv,source evidence,review draft / source inventory; unresolved details explicit,source observed or proposed; release unverified,iREPS Academy Codex workstream,2026-09-25,not published as accepted training
AC-091,01-body-of-knowledge/bgo-planning-error-register.md,learning document,review draft / source inventory; unresolved details explicit,source observed or proposed; release unverified,iREPS Academy Codex workstream,2026-09-25,not published as accepted training
AC-092,01-body-of-knowledge/bgo-planning-field-catalogue.csv,source evidence,review draft / source inventory; unresolved details explicit,source observed or proposed; release unverified,iREPS Academy Codex workstream,2026-09-25,not published as accepted training
AC-093,01-body-of-knowledge/bgo-planning-field-catalogue.md,learning document,review draft / source inventory; unresolved details explicit,source observed or proposed; release unverified,iREPS Academy Codex workstream,2026-09-25,not published as accepted training
AC-094,01-body-of-knowledge/bgo-planning-validation-evidence.csv,source evidence,review draft / source inventory; unresolved details explicit,source observed or proposed; release unverified,iREPS Academy Codex workstream,2026-09-25,not published as accepted training
AC-095,01-body-of-knowledge/change-password-body-of-knowledge.md,learning document,review draft / source inventory; unresolved details explicit,source observed or proposed; release unverified,iREPS Academy Codex workstream,2026-09-25,not published as accepted training
AC-096,01-body-of-knowledge/change-password-error-register.csv,source evidence,review draft / source inventory; unresolved details explicit,source observed or proposed; release unverified,iREPS Academy Codex workstream,2026-09-25,not published as accepted training
AC-097,01-body-of-knowledge/change-password-error-register.md,learning document,review draft / source inventory; unresolved details explicit,source observed or proposed; release unverified,iREPS Academy Codex workstream,2026-09-25,not published as accepted training
AC-098,01-body-of-knowledge/change-password-field-catalogue.csv,source evidence,review draft / source inventory; unresolved details explicit,source observed or proposed; release unverified,iREPS Academy Codex workstream,2026-09-25,not published as accepted training
AC-099,01-body-of-knowledge/change-password-field-catalogue.md,learning document,review draft / source inventory; unresolved details explicit,source observed or proposed; release unverified,iREPS Academy Codex workstream,2026-09-25,not published as accepted training
AC-100,01-body-of-knowledge/change-sign-in-email-body-of-knowledge.md,learning document,review draft / source inventory; unresolved details explicit,source observed or proposed; release unverified,iREPS Academy Codex workstream,2026-09-25,not published as accepted training
AC-101,01-body-of-knowledge/change-sign-in-email-error-register.csv,source evidence,review draft / source inventory; unresolved details explicit,source observed or proposed; release unverified,iREPS Academy Codex workstream,2026-09-25,not published as accepted training
AC-102,01-body-of-knowledge/change-sign-in-email-error-register.md,learning document,review draft / source inventory; unresolved details explicit,source observed or proposed; release unverified,iREPS Academy Codex workstream,2026-09-25,not published as accepted training
AC-103,01-body-of-knowledge/change-sign-in-email-field-catalogue.csv,source evidence,review draft / source inventory; unresolved details explicit,source observed or proposed; release unverified,iREPS Academy Codex workstream,2026-09-25,not published as accepted training
AC-104,01-body-of-knowledge/change-sign-in-email-field-catalogue.md,learning document,review draft / source inventory; unresolved details explicit,source observed or proposed; release unverified,iREPS Academy Codex workstream,2026-09-25,not published as accepted training
AC-105,01-body-of-knowledge/change-sign-in-email-validation-evidence.csv,source evidence,review draft / source inventory; unresolved details explicit,source observed or proposed; release unverified,iREPS Academy Codex workstream,2026-09-25,not published as accepted training
AC-106,01-body-of-knowledge/email-verification-body-of-knowledge.md,learning document,review draft / source inventory; unresolved details explicit,source observed or proposed; release unverified,iREPS Academy Codex workstream,2026-09-25,not published as accepted training
AC-107,01-body-of-knowledge/email-verification-error-register.csv,source evidence,review draft / source inventory; unresolved details explicit,source observed or proposed; release unverified,iREPS Academy Codex workstream,2026-09-25,not published as accepted training
AC-108,01-body-of-knowledge/email-verification-error-register.md,learning document,review draft / source inventory; unresolved details explicit,source observed or proposed; release unverified,iREPS Academy Codex workstream,2026-09-25,not published as accepted training
AC-109,01-body-of-knowledge/email-verification-field-catalogue.md,learning document,review draft / source inventory; unresolved details explicit,source observed or proposed; release unverified,iREPS Academy Codex workstream,2026-09-25,not published as accepted training
AC-110,01-body-of-knowledge/forms-library.md,learning document,review draft / source inventory; unresolved details explicit,source observed or proposed; release unverified,iREPS Academy Codex workstream,2026-09-25,not published as accepted training
AC-111,01-body-of-knowledge/geofences-body-of-knowledge.md,learning document,review draft / source inventory; unresolved details explicit,source observed or proposed; release unverified,iREPS Academy Codex workstream,2026-09-25,not published as accepted training
AC-112,01-body-of-knowledge/geofences-error-register.csv,source evidence,review draft / source inventory; unresolved details explicit,source observed or proposed; release unverified,iREPS Academy Codex workstream,2026-09-25,not published as accepted training
AC-113,01-body-of-knowledge/geofences-error-register.md,learning document,review draft / source inventory; unresolved details explicit,source observed or proposed; release unverified,iREPS Academy Codex workstream,2026-09-25,not published as accepted training
AC-114,01-body-of-knowledge/geofences-field-catalogue.csv,source evidence,review draft / source inventory; unresolved details explicit,source observed or proposed; release unverified,iREPS Academy Codex workstream,2026-09-25,not published as accepted training
AC-115,01-body-of-knowledge/geofences-field-catalogue.md,learning document,review draft / source inventory; unresolved details explicit,source observed or proposed; release unverified,iREPS Academy Codex workstream,2026-09-25,not published as accepted training
AC-116,01-body-of-knowledge/geofences-validation-evidence.csv,source evidence,review draft / source inventory; unresolved details explicit,source observed or proposed; release unverified,iREPS Academy Codex workstream,2026-09-25,not published as accepted training
AC-117,01-body-of-knowledge/informal-erf-body-of-knowledge.md,learning document,review draft / source inventory; unresolved details explicit,source observed or proposed; release unverified,iREPS Academy Codex workstream,2026-09-25,not published as accepted training
AC-118,01-body-of-knowledge/informal-erf-error-register.csv,source evidence,review draft / source inventory; unresolved details explicit,source observed or proposed; release unverified,iREPS Academy Codex workstream,2026-09-25,not published as accepted training
AC-119,01-body-of-knowledge/informal-erf-error-register.md,learning document,review draft / source inventory; unresolved details explicit,source observed or proposed; release unverified,iREPS Academy Codex workstream,2026-09-25,not published as accepted training
AC-120,01-body-of-knowledge/informal-erf-field-catalogue.csv,source evidence,review draft / source inventory; unresolved details explicit,source observed or proposed; release unverified,iREPS Academy Codex workstream,2026-09-25,not published as accepted training
AC-121,01-body-of-knowledge/informal-erf-field-catalogue.md,learning document,review draft / source inventory; unresolved details explicit,source observed or proposed; release unverified,iREPS Academy Codex workstream,2026-09-25,not published as accepted training
AC-122,01-body-of-knowledge/instruction-control-body-of-knowledge.md,learning document,review draft / source inventory; unresolved details explicit,source observed or proposed; release unverified,iREPS Academy Codex workstream,2026-09-25,not published as accepted training
AC-123,01-body-of-knowledge/instruction-control-error-register.csv,source evidence,review draft / source inventory; unresolved details explicit,source observed or proposed; release unverified,iREPS Academy Codex workstream,2026-09-25,not published as accepted training
AC-124,01-body-of-knowledge/instruction-control-error-register.md,learning document,review draft / source inventory; unresolved details explicit,source observed or proposed; release unverified,iREPS Academy Codex workstream,2026-09-25,not published as accepted training
AC-125,01-body-of-knowledge/instruction-control-field-catalogue.csv,source evidence,review draft / source inventory; unresolved details explicit,source observed or proposed; release unverified,iREPS Academy Codex workstream,2026-09-25,not published as accepted training
AC-126,01-body-of-knowledge/instruction-control-field-catalogue.md,learning document,review draft / source inventory; unresolved details explicit,source observed or proposed; release unverified,iREPS Academy Codex workstream,2026-09-25,not published as accepted training
AC-127,01-body-of-knowledge/instruction-control-validation-evidence.csv,source evidence,review draft / source inventory; unresolved details explicit,source observed or proposed; release unverified,iREPS Academy Codex workstream,2026-09-25,not published as accepted training
AC-128,01-body-of-knowledge/invited-profile-body-of-knowledge.md,learning document,review draft / source inventory; unresolved details explicit,source observed or proposed; release unverified,iREPS Academy Codex workstream,2026-09-25,not published as accepted training
AC-129,01-body-of-knowledge/invited-profile-error-register.csv,source evidence,review draft / source inventory; unresolved details explicit,source observed or proposed; release unverified,iREPS Academy Codex workstream,2026-09-25,not published as accepted training
AC-130,01-body-of-knowledge/invited-profile-error-register.md,learning document,review draft / source inventory; unresolved details explicit,source observed or proposed; release unverified,iREPS Academy Codex workstream,2026-09-25,not published as accepted training
AC-131,01-body-of-knowledge/invited-profile-field-catalogue.csv,source evidence,review draft / source inventory; unresolved details explicit,source observed or proposed; release unverified,iREPS Academy Codex workstream,2026-09-25,not published as accepted training
AC-132,01-body-of-knowledge/invited-profile-field-catalogue.md,learning document,review draft / source inventory; unresolved details explicit,source observed or proposed; release unverified,iREPS Academy Codex workstream,2026-09-25,not published as accepted training
AC-133,01-body-of-knowledge/ireps-form-standards.md,learning document,review draft / source inventory; unresolved details explicit,source observed or proposed; release unverified,iREPS Academy Codex workstream,2026-09-25,not published as accepted training
AC-134,01-body-of-knowledge/lifecycle-instructions-body-of-knowledge.md,learning document,review draft / source inventory; unresolved details explicit,source observed or proposed; release unverified,iREPS Academy Codex workstream,2026-09-25,not published as accepted training
AC-135,01-body-of-knowledge/lifecycle-instructions-error-register.csv,source evidence,review draft / source inventory; unresolved details explicit,source observed or proposed; release unverified,iREPS Academy Codex workstream,2026-09-25,not published as accepted training
AC-136,01-body-of-knowledge/lifecycle-instructions-error-register.md,learning document,review draft / source inventory; unresolved details explicit,source observed or proposed; release unverified,iREPS Academy Codex workstream,2026-09-25,not published as accepted training
AC-137,01-body-of-knowledge/lifecycle-instructions-field-catalogue.csv,source evidence,review draft / source inventory; unresolved details explicit,source observed or proposed; release unverified,iREPS Academy Codex workstream,2026-09-25,not published as accepted training
AC-138,01-body-of-knowledge/lifecycle-instructions-field-catalogue.md,learning document,review draft / source inventory; unresolved details explicit,source observed or proposed; release unverified,iREPS Academy Codex workstream,2026-09-25,not published as accepted training
AC-139,01-body-of-knowledge/meter-commissioning-body-of-knowledge.md,learning document,review draft / source inventory; unresolved details explicit,source observed or proposed; release unverified,iREPS Academy Codex workstream,2026-09-25,not published as accepted training
AC-140,01-body-of-knowledge/meter-commissioning-error-register.csv,source evidence,review draft / source inventory; unresolved details explicit,source observed or proposed; release unverified,iREPS Academy Codex workstream,2026-09-25,not published as accepted training
AC-141,01-body-of-knowledge/meter-commissioning-error-register.md,learning document,review draft / source inventory; unresolved details explicit,source observed or proposed; release unverified,iREPS Academy Codex workstream,2026-09-25,not published as accepted training
AC-142,01-body-of-knowledge/meter-commissioning-field-catalogue.csv,source evidence,review draft / source inventory; unresolved details explicit,source observed or proposed; release unverified,iREPS Academy Codex workstream,2026-09-25,not published as accepted training
AC-143,01-body-of-knowledge/meter-commissioning-field-catalogue.md,learning document,review draft / source inventory; unresolved details explicit,source observed or proposed; release unverified,iREPS Academy Codex workstream,2026-09-25,not published as accepted training
AC-144,01-body-of-knowledge/meter-commissioning-validation-evidence.csv,source evidence,review draft / source inventory; unresolved details explicit,source observed or proposed; release unverified,iREPS Academy Codex workstream,2026-09-25,not published as accepted training
AC-145,01-body-of-knowledge/meter-disconnection-body-of-knowledge.md,learning document,review draft / source inventory; unresolved details explicit,source observed or proposed; release unverified,iREPS Academy Codex workstream,2026-09-25,not published as accepted training
AC-146,01-body-of-knowledge/meter-disconnection-error-register.csv,source evidence,review draft / source inventory; unresolved details explicit,source observed or proposed; release unverified,iREPS Academy Codex workstream,2026-09-25,not published as accepted training
AC-147,01-body-of-knowledge/meter-disconnection-error-register.md,learning document,review draft / source inventory; unresolved details explicit,source observed or proposed; release unverified,iREPS Academy Codex workstream,2026-09-25,not published as accepted training
AC-148,01-body-of-knowledge/meter-disconnection-field-catalogue.csv,source evidence,review draft / source inventory; unresolved details explicit,source observed or proposed; release unverified,iREPS Academy Codex workstream,2026-09-25,not published as accepted training
AC-149,01-body-of-knowledge/meter-disconnection-field-catalogue.md,learning document,review draft / source inventory; unresolved details explicit,source observed or proposed; release unverified,iREPS Academy Codex workstream,2026-09-25,not published as accepted training
AC-150,01-body-of-knowledge/meter-disconnection-validation-evidence.csv,source evidence,review draft / source inventory; unresolved details explicit,source observed or proposed; release unverified,iREPS Academy Codex workstream,2026-09-25,not published as accepted training
AC-151,01-body-of-knowledge/meter-discovery-path-update-2026-09-25.md,learning document,review draft / source inventory; unresolved details explicit,source observed or proposed; release unverified,iREPS Academy Codex workstream,2026-09-25,not published as accepted training
AC-152,01-body-of-knowledge/meter-disposal-body-of-knowledge.md,learning document,review draft / source inventory; unresolved details explicit,source observed or proposed; release unverified,iREPS Academy Codex workstream,2026-09-25,not published as accepted training
AC-153,01-body-of-knowledge/meter-disposal-error-register.md,learning document,review draft / source inventory; unresolved details explicit,source observed or proposed; release unverified,iREPS Academy Codex workstream,2026-09-25,not published as accepted training
AC-154,01-body-of-knowledge/meter-disposal-field-catalogue.md,learning document,review draft / source inventory; unresolved details explicit,source observed or proposed; release unverified,iREPS Academy Codex workstream,2026-09-25,not published as accepted training
AC-155,01-body-of-knowledge/meter-inspection-body-of-knowledge.md,learning document,review draft / source inventory; unresolved details explicit,source observed or proposed; release unverified,iREPS Academy Codex workstream,2026-09-25,not published as accepted training
AC-156,01-body-of-knowledge/meter-inspection-error-register.csv,source evidence,review draft / source inventory; unresolved details explicit,source observed or proposed; release unverified,iREPS Academy Codex workstream,2026-09-25,not published as accepted training
AC-157,01-body-of-knowledge/meter-inspection-error-register.md,learning document,review draft / source inventory; unresolved details explicit,source observed or proposed; release unverified,iREPS Academy Codex workstream,2026-09-25,not published as accepted training
AC-158,01-body-of-knowledge/meter-inspection-field-catalogue.csv,source evidence,review draft / source inventory; unresolved details explicit,source observed or proposed; release unverified,iREPS Academy Codex workstream,2026-09-25,not published as accepted training
AC-159,01-body-of-knowledge/meter-inspection-field-catalogue.md,learning document,review draft / source inventory; unresolved details explicit,source observed or proposed; release unverified,iREPS Academy Codex workstream,2026-09-25,not published as accepted training
AC-160,01-body-of-knowledge/meter-inspection-validation-evidence.csv,source evidence,review draft / source inventory; unresolved details explicit,source observed or proposed; release unverified,iREPS Academy Codex workstream,2026-09-25,not published as accepted training
AC-161,01-body-of-knowledge/meter-installation-body-of-knowledge.md,learning document,review draft / source inventory; unresolved details explicit,source observed or proposed; release unverified,iREPS Academy Codex workstream,2026-09-25,not published as accepted training
AC-162,01-body-of-knowledge/meter-installation-error-register.csv,source evidence,review draft / source inventory; unresolved details explicit,source observed or proposed; release unverified,iREPS Academy Codex workstream,2026-09-25,not published as accepted training
AC-163,01-body-of-knowledge/meter-installation-error-register.md,learning document,review draft / source inventory; unresolved details explicit,source observed or proposed; release unverified,iREPS Academy Codex workstream,2026-09-25,not published as accepted training
AC-164,01-body-of-knowledge/meter-installation-field-catalogue.csv,source evidence,review draft / source inventory; unresolved details explicit,source observed or proposed; release unverified,iREPS Academy Codex workstream,2026-09-25,not published as accepted training
AC-165,01-body-of-knowledge/meter-installation-field-catalogue.md,learning document,review draft / source inventory; unresolved details explicit,source observed or proposed; release unverified,iREPS Academy Codex workstream,2026-09-25,not published as accepted training
AC-166,01-body-of-knowledge/meter-installation-validation-evidence.csv,source evidence,review draft / source inventory; unresolved details explicit,source observed or proposed; release unverified,iREPS Academy Codex workstream,2026-09-25,not published as accepted training
AC-167,01-body-of-knowledge/meter-lifecycle-body-of-knowledge.md,learning document,review draft / source inventory; unresolved details explicit,source observed or proposed; release unverified,iREPS Academy Codex workstream,2026-09-25,not published as accepted training
AC-168,01-body-of-knowledge/meter-procurement-body-of-knowledge.md,learning document,review draft / source inventory; unresolved details explicit,source observed or proposed; release unverified,iREPS Academy Codex workstream,2026-09-25,not published as accepted training
AC-169,01-body-of-knowledge/meter-procurement-error-register.md,learning document,review draft / source inventory; unresolved details explicit,source observed or proposed; release unverified,iREPS Academy Codex workstream,2026-09-25,not published as accepted training
AC-170,01-body-of-knowledge/meter-procurement-field-catalogue.md,learning document,review draft / source inventory; unresolved details explicit,source observed or proposed; release unverified,iREPS Academy Codex workstream,2026-09-25,not published as accepted training
AC-171,01-body-of-knowledge/meter-reading-body-of-knowledge.md,learning document,review draft / source inventory; unresolved details explicit,source observed or proposed; release unverified,iREPS Academy Codex workstream,2026-09-25,not published as accepted training
AC-172,01-body-of-knowledge/meter-reading-error-register.csv,source evidence,review draft / source inventory; unresolved details explicit,source observed or proposed; release unverified,iREPS Academy Codex workstream,2026-09-25,not published as accepted training
AC-173,01-body-of-knowledge/meter-reading-error-register.md,learning document,review draft / source inventory; unresolved details explicit,source observed or proposed; release unverified,iREPS Academy Codex workstream,2026-09-25,not published as accepted training
AC-174,01-body-of-knowledge/meter-reading-field-catalogue.csv,source evidence,review draft / source inventory; unresolved details explicit,source observed or proposed; release unverified,iREPS Academy Codex workstream,2026-09-25,not published as accepted training
AC-175,01-body-of-knowledge/meter-reading-field-catalogue.md,learning document,review draft / source inventory; unresolved details explicit,source observed or proposed; release unverified,iREPS Academy Codex workstream,2026-09-25,not published as accepted training
AC-176,01-body-of-knowledge/meter-reading-validation-evidence.csv,source evidence,review draft / source inventory; unresolved details explicit,source observed or proposed; release unverified,iREPS Academy Codex workstream,2026-09-25,not published as accepted training
AC-177,01-body-of-knowledge/meter-reconnection-body-of-knowledge.md,learning document,review draft / source inventory; unresolved details explicit,source observed or proposed; release unverified,iREPS Academy Codex workstream,2026-09-25,not published as accepted training
AC-178,01-body-of-knowledge/meter-reconnection-error-register.csv,source evidence,review draft / source inventory; unresolved details explicit,source observed or proposed; release unverified,iREPS Academy Codex workstream,2026-09-25,not published as accepted training
AC-179,01-body-of-knowledge/meter-reconnection-error-register.md,learning document,review draft / source inventory; unresolved details explicit,source observed or proposed; release unverified,iREPS Academy Codex workstream,2026-09-25,not published as accepted training
AC-180,01-body-of-knowledge/meter-reconnection-field-catalogue.csv,source evidence,review draft / source inventory; unresolved details explicit,source observed or proposed; release unverified,iREPS Academy Codex workstream,2026-09-25,not published as accepted training
AC-181,01-body-of-knowledge/meter-reconnection-field-catalogue.md,learning document,review draft / source inventory; unresolved details explicit,source observed or proposed; release unverified,iREPS Academy Codex workstream,2026-09-25,not published as accepted training
AC-182,01-body-of-knowledge/meter-reconnection-validation-evidence.csv,source evidence,review draft / source inventory; unresolved details explicit,source observed or proposed; release unverified,iREPS Academy Codex workstream,2026-09-25,not published as accepted training
AC-183,01-body-of-knowledge/meter-removal-body-of-knowledge.md,learning document,review draft / source inventory; unresolved details explicit,source observed or proposed; release unverified,iREPS Academy Codex workstream,2026-09-25,not published as accepted training
AC-184,01-body-of-knowledge/meter-removal-error-register.csv,source evidence,review draft / source inventory; unresolved details explicit,source observed or proposed; release unverified,iREPS Academy Codex workstream,2026-09-25,not published as accepted training
AC-185,01-body-of-knowledge/meter-removal-error-register.md,learning document,review draft / source inventory; unresolved details explicit,source observed or proposed; release unverified,iREPS Academy Codex workstream,2026-09-25,not published as accepted training
AC-186,01-body-of-knowledge/meter-removal-field-catalogue.csv,source evidence,review draft / source inventory; unresolved details explicit,source observed or proposed; release unverified,iREPS Academy Codex workstream,2026-09-25,not published as accepted training
AC-187,01-body-of-knowledge/meter-removal-field-catalogue.md,learning document,review draft / source inventory; unresolved details explicit,source observed or proposed; release unverified,iREPS Academy Codex workstream,2026-09-25,not published as accepted training
AC-188,01-body-of-knowledge/meter-removal-validation-evidence.csv,source evidence,review draft / source inventory; unresolved details explicit,source observed or proposed; release unverified,iREPS Academy Codex workstream,2026-09-25,not published as accepted training
AC-189,01-body-of-knowledge/meter-vending-body-of-knowledge.md,learning document,review draft / source inventory; unresolved details explicit,source observed or proposed; release unverified,iREPS Academy Codex workstream,2026-09-25,not published as accepted training
AC-190,01-body-of-knowledge/meter-vending-error-register.csv,source evidence,review draft / source inventory; unresolved details explicit,source observed or proposed; release unverified,iREPS Academy Codex workstream,2026-09-25,not published as accepted training
AC-191,01-body-of-knowledge/meter-vending-error-register.md,learning document,review draft / source inventory; unresolved details explicit,source observed or proposed; release unverified,iREPS Academy Codex workstream,2026-09-25,not published as accepted training
AC-192,01-body-of-knowledge/meter-vending-field-catalogue.md,learning document,review draft / source inventory; unresolved details explicit,source observed or proposed; release unverified,iREPS Academy Codex workstream,2026-09-25,not published as accepted training
AC-193,01-body-of-knowledge/no-access-body-of-knowledge.md,learning document,review draft / source inventory; unresolved details explicit,source observed or proposed; release unverified,iREPS Academy Codex workstream,2026-09-25,not published as accepted training
AC-194,01-body-of-knowledge/no-access-error-register.csv,source evidence,review draft / source inventory; unresolved details explicit,source observed or proposed; release unverified,iREPS Academy Codex workstream,2026-09-25,not published as accepted training
AC-195,01-body-of-knowledge/no-access-error-register.md,learning document,review draft / source inventory; unresolved details explicit,source observed or proposed; release unverified,iREPS Academy Codex workstream,2026-09-25,not published as accepted training
AC-196,01-body-of-knowledge/no-access-field-catalogue.csv,source evidence,review draft / source inventory; unresolved details explicit,source observed or proposed; release unverified,iREPS Academy Codex workstream,2026-09-25,not published as accepted training
AC-197,01-body-of-knowledge/no-access-field-catalogue.md,learning document,review draft / source inventory; unresolved details explicit,source observed or proposed; release unverified,iREPS Academy Codex workstream,2026-09-25,not published as accepted training
AC-198,01-body-of-knowledge/no-access-validation-evidence.csv,source evidence,review draft / source inventory; unresolved details explicit,source observed or proposed; release unverified,iREPS Academy Codex workstream,2026-09-25,not published as accepted training
AC-199,01-body-of-knowledge/operational-teams-body-of-knowledge.md,learning document,review draft / source inventory; unresolved details explicit,source observed or proposed; release unverified,iREPS Academy Codex workstream,2026-09-25,not published as accepted training
AC-200,01-body-of-knowledge/operational-teams-error-register.csv,source evidence,review draft / source inventory; unresolved details explicit,source observed or proposed; release unverified,iREPS Academy Codex workstream,2026-09-25,not published as accepted training
AC-201,01-body-of-knowledge/operational-teams-error-register.md,learning document,review draft / source inventory; unresolved details explicit,source observed or proposed; release unverified,iREPS Academy Codex workstream,2026-09-25,not published as accepted training
AC-202,01-body-of-knowledge/operational-teams-field-catalogue.csv,source evidence,review draft / source inventory; unresolved details explicit,source observed or proposed; release unverified,iREPS Academy Codex workstream,2026-09-25,not published as accepted training
AC-203,01-body-of-knowledge/operational-teams-field-catalogue.md,learning document,review draft / source inventory; unresolved details explicit,source observed or proposed; release unverified,iREPS Academy Codex workstream,2026-09-25,not published as accepted training
AC-204,01-body-of-knowledge/password-reset-body-of-knowledge.md,learning document,review draft / source inventory; unresolved details explicit,source observed or proposed; release unverified,iREPS Academy Codex workstream,2026-09-25,not published as accepted training
AC-205,01-body-of-knowledge/password-reset-error-register.csv,source evidence,review draft / source inventory; unresolved details explicit,source observed or proposed; release unverified,iREPS Academy Codex workstream,2026-09-25,not published as accepted training
AC-206,01-body-of-knowledge/password-reset-error-register.md,learning document,review draft / source inventory; unresolved details explicit,source observed or proposed; release unverified,iREPS Academy Codex workstream,2026-09-25,not published as accepted training
AC-207,01-body-of-knowledge/password-reset-field-catalogue.csv,source evidence,review draft / source inventory; unresolved details explicit,source observed or proposed; release unverified,iREPS Academy Codex workstream,2026-09-25,not published as accepted training
AC-208,01-body-of-knowledge/password-reset-field-catalogue.md,learning document,review draft / source inventory; unresolved details explicit,source observed or proposed; release unverified,iREPS Academy Codex workstream,2026-09-25,not published as accepted training
AC-209,01-body-of-knowledge/password-reset-validation-evidence.csv,source evidence,review draft / source inventory; unresolved details explicit,source observed or proposed; release unverified,iREPS Academy Codex workstream,2026-09-25,not published as accepted training
AC-210,01-body-of-knowledge/phone-verification-body-of-knowledge.md,learning document,review draft / source inventory; unresolved details explicit,source observed or proposed; release unverified,iREPS Academy Codex workstream,2026-09-25,not published as accepted training
AC-211,01-body-of-knowledge/phone-verification-error-register.csv,source evidence,review draft / source inventory; unresolved details explicit,source observed or proposed; release unverified,iREPS Academy Codex workstream,2026-09-25,not published as accepted training
AC-212,01-body-of-knowledge/phone-verification-error-register.md,learning document,review draft / source inventory; unresolved details explicit,source observed or proposed; release unverified,iREPS Academy Codex workstream,2026-09-25,not published as accepted training
AC-213,01-body-of-knowledge/phone-verification-field-catalogue.csv,source evidence,review draft / source inventory; unresolved details explicit,source observed or proposed; release unverified,iREPS Academy Codex workstream,2026-09-25,not published as accepted training
AC-214,01-body-of-knowledge/phone-verification-field-catalogue.md,learning document,review draft / source inventory; unresolved details explicit,source observed or proposed; release unverified,iREPS Academy Codex workstream,2026-09-25,not published as accepted training
AC-215,01-body-of-knowledge/premise-account-data-body-of-knowledge.md,learning document,review draft / source inventory; unresolved details explicit,source observed or proposed; release unverified,iREPS Academy Codex workstream,2026-09-25,not published as accepted training
AC-216,01-body-of-knowledge/premise-account-data-error-register.csv,source evidence,review draft / source inventory; unresolved details explicit,source observed or proposed; release unverified,iREPS Academy Codex workstream,2026-09-25,not published as accepted training
AC-217,01-body-of-knowledge/premise-account-data-error-register.md,learning document,review draft / source inventory; unresolved details explicit,source observed or proposed; release unverified,iREPS Academy Codex workstream,2026-09-25,not published as accepted training
AC-218,01-body-of-knowledge/premise-account-data-field-catalogue.csv,source evidence,review draft / source inventory; unresolved details explicit,source observed or proposed; release unverified,iREPS Academy Codex workstream,2026-09-25,not published as accepted training
AC-219,01-body-of-knowledge/premise-account-data-field-catalogue.md,learning document,review draft / source inventory; unresolved details explicit,source observed or proposed; release unverified,iREPS Academy Codex workstream,2026-09-25,not published as accepted training
AC-220,01-body-of-knowledge/premise-account-data-validation-evidence.csv,source evidence,review draft / source inventory; unresolved details explicit,source observed or proposed; release unverified,iREPS Academy Codex workstream,2026-09-25,not published as accepted training
AC-221,01-body-of-knowledge/premise-registration-body-of-knowledge.md,learning document,review draft / source inventory; unresolved details explicit,source observed or proposed; release unverified,iREPS Academy Codex workstream,2026-09-25,not published as accepted training
AC-222,01-body-of-knowledge/premise-registration-error-register.csv,source evidence,review draft / source inventory; unresolved details explicit,source observed or proposed; release unverified,iREPS Academy Codex workstream,2026-09-25,not published as accepted training
AC-223,01-body-of-knowledge/premise-registration-error-register.md,learning document,review draft / source inventory; unresolved details explicit,source observed or proposed; release unverified,iREPS Academy Codex workstream,2026-09-25,not published as accepted training
AC-224,01-body-of-knowledge/premise-registration-field-catalogue.csv,source evidence,review draft / source inventory; unresolved details explicit,source observed or proposed; release unverified,iREPS Academy Codex workstream,2026-09-25,not published as accepted training
AC-225,01-body-of-knowledge/premise-registration-field-catalogue.md,learning document,review draft / source inventory; unresolved details explicit,source observed or proposed; release unverified,iREPS Academy Codex workstream,2026-09-25,not published as accepted training
AC-226,01-body-of-knowledge/premise-registration-validation-evidence.csv,source evidence,review draft / source inventory; unresolved details explicit,source observed or proposed; release unverified,iREPS Academy Codex workstream,2026-09-25,not published as accepted training
AC-227,01-body-of-knowledge/reading-staging-body-of-knowledge.md,learning document,review draft / source inventory; unresolved details explicit,source observed or proposed; release unverified,iREPS Academy Codex workstream,2026-09-25,not published as accepted training
AC-228,01-body-of-knowledge/reading-staging-error-register.csv,source evidence,review draft / source inventory; unresolved details explicit,source observed or proposed; release unverified,iREPS Academy Codex workstream,2026-09-25,not published as accepted training
AC-229,01-body-of-knowledge/reading-staging-error-register.md,learning document,review draft / source inventory; unresolved details explicit,source observed or proposed; release unverified,iREPS Academy Codex workstream,2026-09-25,not published as accepted training
AC-230,01-body-of-knowledge/reading-staging-field-catalogue.csv,source evidence,review draft / source inventory; unresolved details explicit,source observed or proposed; release unverified,iREPS Academy Codex workstream,2026-09-25,not published as accepted training
AC-231,01-body-of-knowledge/reading-staging-field-catalogue.md,learning document,review draft / source inventory; unresolved details explicit,source observed or proposed; release unverified,iREPS Academy Codex workstream,2026-09-25,not published as accepted training
AC-232,01-body-of-knowledge/reading-staging-validation-evidence.csv,source evidence,review draft / source inventory; unresolved details explicit,source observed or proposed; release unverified,iREPS Academy Codex workstream,2026-09-25,not published as accepted training
AC-233,01-body-of-knowledge/report-generation-body-of-knowledge.md,learning document,review draft / source inventory; unresolved details explicit,source observed or proposed; release unverified,iREPS Academy Codex workstream,2026-09-25,not published as accepted training
AC-234,01-body-of-knowledge/report-generation-error-register.csv,source evidence,review draft / source inventory; unresolved details explicit,source observed or proposed; release unverified,iREPS Academy Codex workstream,2026-09-25,not published as accepted training
AC-235,01-body-of-knowledge/report-generation-error-register.md,learning document,review draft / source inventory; unresolved details explicit,source observed or proposed; release unverified,iREPS Academy Codex workstream,2026-09-25,not published as accepted training
AC-236,01-body-of-knowledge/report-generation-field-catalogue.csv,source evidence,review draft / source inventory; unresolved details explicit,source observed or proposed; release unverified,iREPS Academy Codex workstream,2026-09-25,not published as accepted training
AC-237,01-body-of-knowledge/report-generation-field-catalogue.md,learning document,review draft / source inventory; unresolved details explicit,source observed or proposed; release unverified,iREPS Academy Codex workstream,2026-09-25,not published as accepted training
AC-238,01-body-of-knowledge/report-generation-validation-evidence.csv,source evidence,review draft / source inventory; unresolved details explicit,source observed or proposed; release unverified,iREPS Academy Codex workstream,2026-09-25,not published as accepted training
AC-239,01-body-of-knowledge/service-provider-body-of-knowledge.md,learning document,review draft / source inventory; unresolved details explicit,source observed or proposed; release unverified,iREPS Academy Codex workstream,2026-09-25,not published as accepted training
AC-240,01-body-of-knowledge/service-provider-error-register.csv,source evidence,review draft / source inventory; unresolved details explicit,source observed or proposed; release unverified,iREPS Academy Codex workstream,2026-09-25,not published as accepted training
AC-241,01-body-of-knowledge/service-provider-error-register.md,learning document,review draft / source inventory; unresolved details explicit,source observed or proposed; release unverified,iREPS Academy Codex workstream,2026-09-25,not published as accepted training
AC-242,01-body-of-knowledge/service-provider-field-catalogue.csv,source evidence,review draft / source inventory; unresolved details explicit,source observed or proposed; release unverified,iREPS Academy Codex workstream,2026-09-25,not published as accepted training
AC-243,01-body-of-knowledge/service-provider-field-catalogue.md,learning document,review draft / source inventory; unresolved details explicit,source observed or proposed; release unverified,iREPS Academy Codex workstream,2026-09-25,not published as accepted training
AC-244,01-body-of-knowledge/settings-and-lookups-body-of-knowledge.md,learning document,review draft / source inventory; unresolved details explicit,source observed or proposed; release unverified,iREPS Academy Codex workstream,2026-09-25,not published as accepted training
AC-245,01-body-of-knowledge/settings-and-lookups-error-register.csv,source evidence,review draft / source inventory; unresolved details explicit,source observed or proposed; release unverified,iREPS Academy Codex workstream,2026-09-25,not published as accepted training
AC-246,01-body-of-knowledge/settings-and-lookups-error-register.md,learning document,review draft / source inventory; unresolved details explicit,source observed or proposed; release unverified,iREPS Academy Codex workstream,2026-09-25,not published as accepted training
AC-247,01-body-of-knowledge/settings-and-lookups-field-catalogue.csv,source evidence,review draft / source inventory; unresolved details explicit,source observed or proposed; release unverified,iREPS Academy Codex workstream,2026-09-25,not published as accepted training
AC-248,01-body-of-knowledge/settings-and-lookups-field-catalogue.md,learning document,review draft / source inventory; unresolved details explicit,source observed or proposed; release unverified,iREPS Academy Codex workstream,2026-09-25,not published as accepted training
AC-249,01-body-of-knowledge/settings-and-lookups-validation-evidence.csv,source evidence,review draft / source inventory; unresolved details explicit,source observed or proposed; release unverified,iREPS Academy Codex workstream,2026-09-25,not published as accepted training
AC-250,01-body-of-knowledge/sign-in-body-of-knowledge.md,learning document,review draft / source inventory; unresolved details explicit,source observed or proposed; release unverified,iREPS Academy Codex workstream,2026-09-25,not published as accepted training
AC-251,01-body-of-knowledge/sign-in-error-register.csv,source evidence,review draft / source inventory; unresolved details explicit,source observed or proposed; release unverified,iREPS Academy Codex workstream,2026-09-25,not published as accepted training
AC-252,01-body-of-knowledge/sign-in-error-register.md,learning document,review draft / source inventory; unresolved details explicit,source observed or proposed; release unverified,iREPS Academy Codex workstream,2026-09-25,not published as accepted training
AC-253,01-body-of-knowledge/sign-in-field-catalogue.csv,source evidence,review draft / source inventory; unresolved details explicit,source observed or proposed; release unverified,iREPS Academy Codex workstream,2026-09-25,not published as accepted training
AC-254,01-body-of-knowledge/sign-in-field-catalogue.md,learning document,review draft / source inventory; unresolved details explicit,source observed or proposed; release unverified,iREPS Academy Codex workstream,2026-09-25,not published as accepted training
AC-255,01-body-of-knowledge/sign-in-validation-evidence.csv,source evidence,review draft / source inventory; unresolved details explicit,source observed or proposed; release unverified,iREPS Academy Codex workstream,2026-09-25,not published as accepted training
AC-256,01-body-of-knowledge/sign-up-body-of-knowledge.md,learning document,review draft / source inventory; unresolved details explicit,source observed or proposed; release unverified,iREPS Academy Codex workstream,2026-09-25,not published as accepted training
AC-257,01-body-of-knowledge/sign-up-error-register.csv,source evidence,review draft / source inventory; unresolved details explicit,source observed or proposed; release unverified,iREPS Academy Codex workstream,2026-09-25,not published as accepted training
AC-258,01-body-of-knowledge/sign-up-error-register.md,learning document,review draft / source inventory; unresolved details explicit,source observed or proposed; release unverified,iREPS Academy Codex workstream,2026-09-25,not published as accepted training
AC-259,01-body-of-knowledge/sign-up-field-catalogue.csv,source evidence,review draft / source inventory; unresolved details explicit,source observed or proposed; release unverified,iREPS Academy Codex workstream,2026-09-25,not published as accepted training
AC-260,01-body-of-knowledge/sign-up-field-catalogue.md,learning document,review draft / source inventory; unresolved details explicit,source observed or proposed; release unverified,iREPS Academy Codex workstream,2026-09-25,not published as accepted training
AC-261,01-body-of-knowledge/sign-up-validation-evidence.csv,source evidence,review draft / source inventory; unresolved details explicit,source observed or proposed; release unverified,iREPS Academy Codex workstream,2026-09-25,not published as accepted training
AC-262,01-body-of-knowledge/store-dispatch-body-of-knowledge.md,learning document,review draft / source inventory; unresolved details explicit,source observed or proposed; release unverified,iREPS Academy Codex workstream,2026-09-25,not published as accepted training
AC-263,01-body-of-knowledge/store-dispatch-error-register.md,learning document,review draft / source inventory; unresolved details explicit,source observed or proposed; release unverified,iREPS Academy Codex workstream,2026-09-25,not published as accepted training
AC-264,01-body-of-knowledge/store-dispatch-field-catalogue.md,learning document,review draft / source inventory; unresolved details explicit,source observed or proposed; release unverified,iREPS Academy Codex workstream,2026-09-25,not published as accepted training
AC-265,01-body-of-knowledge/store-receipt-body-of-knowledge.md,learning document,review draft / source inventory; unresolved details explicit,source observed or proposed; release unverified,iREPS Academy Codex workstream,2026-09-25,not published as accepted training
AC-266,01-body-of-knowledge/store-receipt-error-register.md,learning document,review draft / source inventory; unresolved details explicit,source observed or proposed; release unverified,iREPS Academy Codex workstream,2026-09-25,not published as accepted training
AC-267,01-body-of-knowledge/store-receipt-field-catalogue.md,learning document,review draft / source inventory; unresolved details explicit,source observed or proposed; release unverified,iREPS Academy Codex workstream,2026-09-25,not published as accepted training
AC-268,01-body-of-knowledge/store-return-body-of-knowledge.md,learning document,review draft / source inventory; unresolved details explicit,source observed or proposed; release unverified,iREPS Academy Codex workstream,2026-09-25,not published as accepted training
AC-269,01-body-of-knowledge/store-return-error-register.md,learning document,review draft / source inventory; unresolved details explicit,source observed or proposed; release unverified,iREPS Academy Codex workstream,2026-09-25,not published as accepted training
AC-270,01-body-of-knowledge/store-return-field-catalogue.md,learning document,review draft / source inventory; unresolved details explicit,source observed or proposed; release unverified,iREPS Academy Codex workstream,2026-09-25,not published as accepted training
AC-271,01-body-of-knowledge/targeted-batches-body-of-knowledge.md,learning document,review draft / source inventory; unresolved details explicit,source observed or proposed; release unverified,iREPS Academy Codex workstream,2026-09-25,not published as accepted training
AC-272,01-body-of-knowledge/targeted-batches-error-register.csv,source evidence,review draft / source inventory; unresolved details explicit,source observed or proposed; release unverified,iREPS Academy Codex workstream,2026-09-25,not published as accepted training
AC-273,01-body-of-knowledge/targeted-batches-error-register.md,learning document,review draft / source inventory; unresolved details explicit,source observed or proposed; release unverified,iREPS Academy Codex workstream,2026-09-25,not published as accepted training
AC-274,01-body-of-knowledge/targeted-batches-field-catalogue.csv,source evidence,review draft / source inventory; unresolved details explicit,source observed or proposed; release unverified,iREPS Academy Codex workstream,2026-09-25,not published as accepted training
AC-275,01-body-of-knowledge/targeted-batches-field-catalogue.md,learning document,review draft / source inventory; unresolved details explicit,source observed or proposed; release unverified,iREPS Academy Codex workstream,2026-09-25,not published as accepted training
AC-276,01-body-of-knowledge/targeted-batches-validation-evidence.csv,source evidence,review draft / source inventory; unresolved details explicit,source observed or proposed; release unverified,iREPS Academy Codex workstream,2026-09-25,not published as accepted training
AC-277,01-body-of-knowledge/tc-upload-body-of-knowledge.md,learning document,review draft / source inventory; unresolved details explicit,source observed or proposed; release unverified,iREPS Academy Codex workstream,2026-09-25,not published as accepted training
AC-278,01-body-of-knowledge/tc-upload-error-register.md,learning document,review draft / source inventory; unresolved details explicit,source observed or proposed; release unverified,iREPS Academy Codex workstream,2026-09-25,not published as accepted training
AC-279,01-body-of-knowledge/tc-upload-field-catalogue.csv,source evidence,review draft / source inventory; unresolved details explicit,source observed or proposed; release unverified,iREPS Academy Codex workstream,2026-09-25,not published as accepted training
AC-280,01-body-of-knowledge/tc-upload-field-catalogue.md,learning document,review draft / source inventory; unresolved details explicit,source observed or proposed; release unverified,iREPS Academy Codex workstream,2026-09-25,not published as accepted training
AC-281,01-body-of-knowledge/tc-upload-validation-evidence.csv,source evidence,review draft / source inventory; unresolved details explicit,source observed or proposed; release unverified,iREPS Academy Codex workstream,2026-09-25,not published as accepted training
AC-282,01-body-of-knowledge/user-administration-body-of-knowledge.md,learning document,review draft / source inventory; unresolved details explicit,source observed or proposed; release unverified,iREPS Academy Codex workstream,2026-09-25,not published as accepted training
AC-283,01-body-of-knowledge/user-administration-error-register.csv,source evidence,review draft / source inventory; unresolved details explicit,source observed or proposed; release unverified,iREPS Academy Codex workstream,2026-09-25,not published as accepted training
AC-284,01-body-of-knowledge/user-administration-error-register.md,learning document,review draft / source inventory; unresolved details explicit,source observed or proposed; release unverified,iREPS Academy Codex workstream,2026-09-25,not published as accepted training
AC-285,01-body-of-knowledge/user-administration-field-catalogue.csv,source evidence,review draft / source inventory; unresolved details explicit,source observed or proposed; release unverified,iREPS Academy Codex workstream,2026-09-25,not published as accepted training
AC-286,01-body-of-knowledge/user-administration-field-catalogue.md,learning document,review draft / source inventory; unresolved details explicit,source observed or proposed; release unverified,iREPS Academy Codex workstream,2026-09-25,not published as accepted training
AC-287,01-body-of-knowledge/user-invitations-body-of-knowledge.md,learning document,review draft / source inventory; unresolved details explicit,source observed or proposed; release unverified,iREPS Academy Codex workstream,2026-09-25,not published as accepted training
AC-288,01-body-of-knowledge/user-invitations-error-register.csv,source evidence,review draft / source inventory; unresolved details explicit,source observed or proposed; release unverified,iREPS Academy Codex workstream,2026-09-25,not published as accepted training
AC-289,01-body-of-knowledge/user-invitations-error-register.md,learning document,review draft / source inventory; unresolved details explicit,source observed or proposed; release unverified,iREPS Academy Codex workstream,2026-09-25,not published as accepted training
AC-290,01-body-of-knowledge/user-invitations-field-catalogue.csv,source evidence,review draft / source inventory; unresolved details explicit,source observed or proposed; release unverified,iREPS Academy Codex workstream,2026-09-25,not published as accepted training
AC-291,01-body-of-knowledge/user-invitations-field-catalogue.md,learning document,review draft / source inventory; unresolved details explicit,source observed or proposed; release unverified,iREPS Academy Codex workstream,2026-09-25,not published as accepted training
AC-292,01-body-of-knowledge/user-invitations-validation-evidence.csv,source evidence,review draft / source inventory; unresolved details explicit,source observed or proposed; release unverified,iREPS Academy Codex workstream,2026-09-25,not published as accepted training
AC-293,01-body-of-knowledge/work-order-acceptance-body-of-knowledge.md,learning document,review draft / source inventory; unresolved details explicit,source observed or proposed; release unverified,iREPS Academy Codex workstream,2026-09-25,not published as accepted training
AC-294,01-body-of-knowledge/work-order-acceptance-error-register.csv,source evidence,review draft / source inventory; unresolved details explicit,source observed or proposed; release unverified,iREPS Academy Codex workstream,2026-09-25,not published as accepted training
AC-295,01-body-of-knowledge/work-order-acceptance-error-register.md,learning document,review draft / source inventory; unresolved details explicit,source observed or proposed; release unverified,iREPS Academy Codex workstream,2026-09-25,not published as accepted training
AC-296,01-body-of-knowledge/work-order-acceptance-field-catalogue.csv,source evidence,review draft / source inventory; unresolved details explicit,source observed or proposed; release unverified,iREPS Academy Codex workstream,2026-09-25,not published as accepted training
AC-297,01-body-of-knowledge/work-order-acceptance-field-catalogue.md,learning document,review draft / source inventory; unresolved details explicit,source observed or proposed; release unverified,iREPS Academy Codex workstream,2026-09-25,not published as accepted training
AC-298,01-body-of-knowledge/work-order-acceptance-validation-evidence.csv,source evidence,review draft / source inventory; unresolved details explicit,source observed or proposed; release unverified,iREPS Academy Codex workstream,2026-09-25,not published as accepted training
AC-299,01-body-of-knowledge/workbase-selection-body-of-knowledge.md,learning document,review draft / source inventory; unresolved details explicit,source observed or proposed; release unverified,iREPS Academy Codex workstream,2026-09-25,not published as accepted training
AC-300,01-body-of-knowledge/workbase-selection-error-register.csv,source evidence,review draft / source inventory; unresolved details explicit,source observed or proposed; release unverified,iREPS Academy Codex workstream,2026-09-25,not published as accepted training
AC-301,01-body-of-knowledge/workbase-selection-error-register.md,learning document,review draft / source inventory; unresolved details explicit,source observed or proposed; release unverified,iREPS Academy Codex workstream,2026-09-25,not published as accepted training
AC-302,01-body-of-knowledge/workbase-selection-field-catalogue.csv,source evidence,review draft / source inventory; unresolved details explicit,source observed or proposed; release unverified,iREPS Academy Codex workstream,2026-09-25,not published as accepted training
AC-303,01-body-of-knowledge/workbase-selection-field-catalogue.md,learning document,review draft / source inventory; unresolved details explicit,source observed or proposed; release unverified,iREPS Academy Codex workstream,2026-09-25,not published as accepted training
AC-304,02-user-manual/mobile/informal-erf-user-manual.md,learning document,review draft / source inventory; unresolved details explicit,source observed or proposed; release unverified,iREPS Academy Codex workstream,2026-09-25,not published as accepted training
AC-305,02-user-manual/mobile/instruction-control-user-manual.md,learning document,review draft / source inventory; unresolved details explicit,source observed or proposed; release unverified,iREPS Academy Codex workstream,2026-09-25,not published as accepted training
AC-306,02-user-manual/mobile/lifecycle-instructions-user-manual.md,learning document,review draft / source inventory; unresolved details explicit,source observed or proposed; release unverified,iREPS Academy Codex workstream,2026-09-25,not published as accepted training
AC-307,02-user-manual/mobile/meter-commissioning-user-manual.md,learning document,review draft / source inventory; unresolved details explicit,source observed or proposed; release unverified,iREPS Academy Codex workstream,2026-09-25,not published as accepted training
AC-308,02-user-manual/mobile/meter-disconnection-user-manual.md,learning document,review draft / source inventory; unresolved details explicit,source observed or proposed; release unverified,iREPS Academy Codex workstream,2026-09-25,not published as accepted training
AC-309,02-user-manual/mobile/meter-inspection-user-manual.md,learning document,review draft / source inventory; unresolved details explicit,source observed or proposed; release unverified,iREPS Academy Codex workstream,2026-09-25,not published as accepted training
AC-310,02-user-manual/mobile/meter-installation-user-manual.md,learning document,review draft / source inventory; unresolved details explicit,source observed or proposed; release unverified,iREPS Academy Codex workstream,2026-09-25,not published as accepted training
AC-311,02-user-manual/mobile/meter-reading-user-manual.md,learning document,review draft / source inventory; unresolved details explicit,source observed or proposed; release unverified,iREPS Academy Codex workstream,2026-09-25,not published as accepted training
AC-312,02-user-manual/mobile/meter-reconnection-user-manual.md,learning document,review draft / source inventory; unresolved details explicit,source observed or proposed; release unverified,iREPS Academy Codex workstream,2026-09-25,not published as accepted training
AC-313,02-user-manual/mobile/meter-removal-user-manual.md,learning document,review draft / source inventory; unresolved details explicit,source observed or proposed; release unverified,iREPS Academy Codex workstream,2026-09-25,not published as accepted training
AC-314,02-user-manual/mobile/no-access-user-manual.md,learning document,review draft / source inventory; unresolved details explicit,source observed or proposed; release unverified,iREPS Academy Codex workstream,2026-09-25,not published as accepted training
AC-315,02-user-manual/mobile/premise-account-data-user-manual.md,learning document,review draft / source inventory; unresolved details explicit,source observed or proposed; release unverified,iREPS Academy Codex workstream,2026-09-25,not published as accepted training
AC-316,02-user-manual/mobile/premise-registration-user-manual.md,learning document,review draft / source inventory; unresolved details explicit,source observed or proposed; release unverified,iREPS Academy Codex workstream,2026-09-25,not published as accepted training
AC-317,02-user-manual/mobile/service-provider-user-manual.md,learning document,review draft / source inventory; unresolved details explicit,source observed or proposed; release unverified,iREPS Academy Codex workstream,2026-09-25,not published as accepted training
AC-318,02-user-manual/mobile/settings-and-lookups-user-manual.md,learning document,review draft / source inventory; unresolved details explicit,source observed or proposed; release unverified,iREPS Academy Codex workstream,2026-09-25,not published as accepted training
AC-319,02-user-manual/mobile/work-order-acceptance-user-manual.md,learning document,review draft / source inventory; unresolved details explicit,source observed or proposed; release unverified,iREPS Academy Codex workstream,2026-09-25,not published as accepted training
AC-320,02-user-manual/shared/email-verification-user-manual.md,learning document,review draft / source inventory; unresolved details explicit,source observed or proposed; release unverified,iREPS Academy Codex workstream,2026-09-25,not published as accepted training
AC-321,02-user-manual/shared/geofences-user-manual.md,learning document,review draft / source inventory; unresolved details explicit,source observed or proposed; release unverified,iREPS Academy Codex workstream,2026-09-25,not published as accepted training
AC-322,02-user-manual/shared/invited-profile-user-manual.md,learning document,review draft / source inventory; unresolved details explicit,source observed or proposed; release unverified,iREPS Academy Codex workstream,2026-09-25,not published as accepted training
AC-323,02-user-manual/shared/meter-disposal-user-manual.md,learning document,review draft / source inventory; unresolved details explicit,source observed or proposed; release unverified,iREPS Academy Codex workstream,2026-09-25,not published as accepted training
AC-324,02-user-manual/shared/meter-procurement-user-manual.md,learning document,review draft / source inventory; unresolved details explicit,source observed or proposed; release unverified,iREPS Academy Codex workstream,2026-09-25,not published as accepted training
AC-325,02-user-manual/shared/meter-vending-user-manual.md,learning document,review draft / source inventory; unresolved details explicit,source observed or proposed; release unverified,iREPS Academy Codex workstream,2026-09-25,not published as accepted training
AC-326,02-user-manual/shared/operational-teams-user-manual.md,learning document,review draft / source inventory; unresolved details explicit,source observed or proposed; release unverified,iREPS Academy Codex workstream,2026-09-25,not published as accepted training
AC-327,02-user-manual/shared/phone-verification-user-manual.md,learning document,review draft / source inventory; unresolved details explicit,source observed or proposed; release unverified,iREPS Academy Codex workstream,2026-09-25,not published as accepted training
AC-328,02-user-manual/shared/store-dispatch-user-manual.md,learning document,review draft / source inventory; unresolved details explicit,source observed or proposed; release unverified,iREPS Academy Codex workstream,2026-09-25,not published as accepted training
AC-329,02-user-manual/shared/store-receipt-user-manual.md,learning document,review draft / source inventory; unresolved details explicit,source observed or proposed; release unverified,iREPS Academy Codex workstream,2026-09-25,not published as accepted training
AC-330,02-user-manual/shared/store-return-user-manual.md,learning document,review draft / source inventory; unresolved details explicit,source observed or proposed; release unverified,iREPS Academy Codex workstream,2026-09-25,not published as accepted training
AC-331,02-user-manual/shared/user-administration-user-manual.md,learning document,review draft / source inventory; unresolved details explicit,source observed or proposed; release unverified,iREPS Academy Codex workstream,2026-09-25,not published as accepted training
AC-332,02-user-manual/shared/workbase-selection-user-manual.md,learning document,review draft / source inventory; unresolved details explicit,source observed or proposed; release unverified,iREPS Academy Codex workstream,2026-09-25,not published as accepted training
AC-333,02-user-manual/web/bgo-planning-user-manual.md,learning document,review draft / source inventory; unresolved details explicit,source observed or proposed; release unverified,iREPS Academy Codex workstream,2026-09-25,not published as accepted training
AC-334,02-user-manual/web/reading-staging-user-manual.md,learning document,review draft / source inventory; unresolved details explicit,source observed or proposed; release unverified,iREPS Academy Codex workstream,2026-09-25,not published as accepted training
AC-335,02-user-manual/web/report-generation-user-manual.md,learning document,review draft / source inventory; unresolved details explicit,source observed or proposed; release unverified,iREPS Academy Codex workstream,2026-09-25,not published as accepted training
AC-336,02-user-manual/web/targeted-batches-user-manual.md,learning document,review draft / source inventory; unresolved details explicit,source observed or proposed; release unverified,iREPS Academy Codex workstream,2026-09-25,not published as accepted training
AC-337,02-user-manual/web/tc-upload-user-manual.md,learning document,review draft / source inventory; unresolved details explicit,source observed or proposed; release unverified,iREPS Academy Codex workstream,2026-09-25,not published as accepted training
AC-338,10-assessments/bgo-planning-scenarios.md,learning document,review draft / source inventory; unresolved details explicit,source observed or proposed; release unverified,iREPS Academy Codex workstream,2026-09-25,not published as accepted training
AC-339,10-assessments/change-password-scenarios.md,learning document,review draft / source inventory; unresolved details explicit,source observed or proposed; release unverified,iREPS Academy Codex workstream,2026-09-25,not published as accepted training
AC-340,10-assessments/change-sign-in-email-scenarios.md,learning document,review draft / source inventory; unresolved details explicit,source observed or proposed; release unverified,iREPS Academy Codex workstream,2026-09-25,not published as accepted training
AC-341,10-assessments/email-verification-scenarios.md,learning document,review draft / source inventory; unresolved details explicit,source observed or proposed; release unverified,iREPS Academy Codex workstream,2026-09-25,not published as accepted training
AC-342,10-assessments/geofences-scenarios.md,learning document,review draft / source inventory; unresolved details explicit,source observed or proposed; release unverified,iREPS Academy Codex workstream,2026-09-25,not published as accepted training
AC-343,10-assessments/informal-erf-scenarios.md,learning document,review draft / source inventory; unresolved details explicit,source observed or proposed; release unverified,iREPS Academy Codex workstream,2026-09-25,not published as accepted training
AC-344,10-assessments/instruction-control-scenarios.md,learning document,review draft / source inventory; unresolved details explicit,source observed or proposed; release unverified,iREPS Academy Codex workstream,2026-09-25,not published as accepted training
AC-345,10-assessments/invited-profile-scenarios.md,learning document,review draft / source inventory; unresolved details explicit,source observed or proposed; release unverified,iREPS Academy Codex workstream,2026-09-25,not published as accepted training
AC-346,10-assessments/lifecycle-instructions-scenarios.md,learning document,review draft / source inventory; unresolved details explicit,source observed or proposed; release unverified,iREPS Academy Codex workstream,2026-09-25,not published as accepted training
AC-347,10-assessments/meter-commissioning-scenarios.md,learning document,review draft / source inventory; unresolved details explicit,source observed or proposed; release unverified,iREPS Academy Codex workstream,2026-09-25,not published as accepted training
AC-348,10-assessments/meter-disconnection-scenarios.md,learning document,review draft / source inventory; unresolved details explicit,source observed or proposed; release unverified,iREPS Academy Codex workstream,2026-09-25,not published as accepted training
AC-349,10-assessments/meter-disposal-scenarios.md,learning document,review draft / source inventory; unresolved details explicit,source observed or proposed; release unverified,iREPS Academy Codex workstream,2026-09-25,not published as accepted training
AC-350,10-assessments/meter-inspection-scenarios.md,learning document,review draft / source inventory; unresolved details explicit,source observed or proposed; release unverified,iREPS Academy Codex workstream,2026-09-25,not published as accepted training
AC-351,10-assessments/meter-installation-scenarios.md,learning document,review draft / source inventory; unresolved details explicit,source observed or proposed; release unverified,iREPS Academy Codex workstream,2026-09-25,not published as accepted training
AC-352,10-assessments/meter-lifecycle-scenarios.md,learning document,review draft / source inventory; unresolved details explicit,source observed or proposed; release unverified,iREPS Academy Codex workstream,2026-09-25,not published as accepted training
AC-353,10-assessments/meter-procurement-scenarios.md,learning document,review draft / source inventory; unresolved details explicit,source observed or proposed; release unverified,iREPS Academy Codex workstream,2026-09-25,not published as accepted training
AC-354,10-assessments/meter-reading-scenarios.md,learning document,review draft / source inventory; unresolved details explicit,source observed or proposed; release unverified,iREPS Academy Codex workstream,2026-09-25,not published as accepted training
AC-355,10-assessments/meter-reconnection-scenarios.md,learning document,review draft / source inventory; unresolved details explicit,source observed or proposed; release unverified,iREPS Academy Codex workstream,2026-09-25,not published as accepted training
AC-356,10-assessments/meter-removal-scenarios.md,learning document,review draft / source inventory; unresolved details explicit,source observed or proposed; release unverified,iREPS Academy Codex workstream,2026-09-25,not published as accepted training
AC-357,10-assessments/meter-vending-scenarios.md,learning document,review draft / source inventory; unresolved details explicit,source observed or proposed; release unverified,iREPS Academy Codex workstream,2026-09-25,not published as accepted training
AC-358,10-assessments/no-access-scenarios.md,learning document,review draft / source inventory; unresolved details explicit,source observed or proposed; release unverified,iREPS Academy Codex workstream,2026-09-25,not published as accepted training
AC-359,10-assessments/operational-teams-scenarios.md,learning document,review draft / source inventory; unresolved details explicit,source observed or proposed; release unverified,iREPS Academy Codex workstream,2026-09-25,not published as accepted training
AC-360,10-assessments/password-reset-scenarios.md,learning document,review draft / source inventory; unresolved details explicit,source observed or proposed; release unverified,iREPS Academy Codex workstream,2026-09-25,not published as accepted training
AC-361,10-assessments/phone-verification-scenarios.md,learning document,review draft / source inventory; unresolved details explicit,source observed or proposed; release unverified,iREPS Academy Codex workstream,2026-09-25,not published as accepted training
AC-362,10-assessments/premise-account-data-scenarios.md,learning document,review draft / source inventory; unresolved details explicit,source observed or proposed; release unverified,iREPS Academy Codex workstream,2026-09-25,not published as accepted training
AC-363,10-assessments/premise-registration-scenarios.md,learning document,review draft / source inventory; unresolved details explicit,source observed or proposed; release unverified,iREPS Academy Codex workstream,2026-09-25,not published as accepted training
AC-364,10-assessments/reading-staging-scenarios.md,learning document,review draft / source inventory; unresolved details explicit,source observed or proposed; release unverified,iREPS Academy Codex workstream,2026-09-25,not published as accepted training
AC-365,10-assessments/report-generation-scenarios.md,learning document,review draft / source inventory; unresolved details explicit,source observed or proposed; release unverified,iREPS Academy Codex workstream,2026-09-25,not published as accepted training
AC-366,10-assessments/service-provider-scenarios.md,learning document,review draft / source inventory; unresolved details explicit,source observed or proposed; release unverified,iREPS Academy Codex workstream,2026-09-25,not published as accepted training
AC-367,10-assessments/settings-and-lookups-scenarios.md,learning document,review draft / source inventory; unresolved details explicit,source observed or proposed; release unverified,iREPS Academy Codex workstream,2026-09-25,not published as accepted training
AC-368,10-assessments/sign-in-scenarios.md,learning document,review draft / source inventory; unresolved details explicit,source observed or proposed; release unverified,iREPS Academy Codex workstream,2026-09-25,not published as accepted training
AC-369,10-assessments/sign-up-scenarios.md,learning document,review draft / source inventory; unresolved details explicit,source observed or proposed; release unverified,iREPS Academy Codex workstream,2026-09-25,not published as accepted training
AC-370,10-assessments/store-dispatch-scenarios.md,learning document,review draft / source inventory; unresolved details explicit,source observed or proposed; release unverified,iREPS Academy Codex workstream,2026-09-25,not published as accepted training
AC-371,10-assessments/store-receipt-scenarios.md,learning document,review draft / source inventory; unresolved details explicit,source observed or proposed; release unverified,iREPS Academy Codex workstream,2026-09-25,not published as accepted training
AC-372,10-assessments/store-return-scenarios.md,learning document,review draft / source inventory; unresolved details explicit,source observed or proposed; release unverified,iREPS Academy Codex workstream,2026-09-25,not published as accepted training
AC-373,10-assessments/targeted-batches-scenarios.md,learning document,review draft / source inventory; unresolved details explicit,source observed or proposed; release unverified,iREPS Academy Codex workstream,2026-09-25,not published as accepted training
AC-374,10-assessments/tc-upload-scenarios.md,learning document,review draft / source inventory; unresolved details explicit,source observed or proposed; release unverified,iREPS Academy Codex workstream,2026-09-25,not published as accepted training
AC-375,10-assessments/user-administration-scenarios.md,learning document,review draft / source inventory; unresolved details explicit,source observed or proposed; release unverified,iREPS Academy Codex workstream,2026-09-25,not published as accepted training
AC-376,10-assessments/user-invitations-scenarios.md,learning document,review draft / source inventory; unresolved details explicit,source observed or proposed; release unverified,iREPS Academy Codex workstream,2026-09-25,not published as accepted training
AC-377,10-assessments/work-order-acceptance-scenarios.md,learning document,review draft / source inventory; unresolved details explicit,source observed or proposed; release unverified,iREPS Academy Codex workstream,2026-09-25,not published as accepted training
AC-378,10-assessments/workbase-selection-scenarios.md,learning document,review draft / source inventory; unresolved details explicit,source observed or proposed; release unverified,iREPS Academy Codex workstream,2026-09-25,not published as accepted training
AC-379,00-academy-governance/FORMS_COMPLETION_2026-09-25.md,governance,review draft / source inventory; unresolved details explicit,source observed or proposed; release unverified,iREPS Academy Codex workstream,2026-09-25,not published as accepted training
