source_id,repository,branch,commit,path,sha256,lines,working_tree_state,review_date
FS-001,ireps-mobile-auth,feature/mobile-auth,7bc9884325ff3db9bfe4493062f2450d8a7c83c0,app/(auth)/pwdReset.jsx,a431a6a785ce832cbe0cb745cb0025bf361e4978514529403c20003363bd4f39,293,clean,2026-09-25
FS-002,ireps-mobile-auth,feature/mobile-auth,7bc9884325ff3db9bfe4493062f2450d8a7c83c0,src/redux/authApi.js,550312dcb4ada91d36cdddd7116a7f7c3c393220b4414d143e38594cf580d02a,731,clean,2026-09-25
FS-003,ireps-mobile-email,feature/change-email,9a981d1882c388043bae6021a1dd33a3e758dfa8,app/(tabs)/admin/user/user-settings.js,6398606b6e51b1bdb4b0d3e4083d1ba08255382c4c3fe6aded8b25089487968b,517,clean,2026-09-25
FS-004,ireps-mobile-email,feature/change-email,9a981d1882c388043bae6021a1dd33a3e758dfa8,src/redux/authApi.js,4e0904ac334205d524a72126d33fad7903ed4da3ca24989d62ad72304986f8c2,758,clean,2026-09-25
FS-005,ireps-mobile-forms,feature/local-dropdown-lists,824f1127eb69aad641c67d6ef8a325c1331caff3,src/theme/formColors.js,ed63221905c94ec35f5a1c0fb99028c3434d577b97484a66944ac6dbbe73d4ab,38,clean,2026-09-25
FS-006,ireps-mobile,feature/meter-normalisation-v1,74a9497dd162e1168bd96878e2a5fd93da315121,app/(auth)/signin.jsx,ce684b1ff99aba5579dff3c02099de37fcd2b054094a04897c95b536cae94bc5,369,clean,2026-09-25
FS-007,ireps-mobile,feature/meter-normalisation-v1,74a9497dd162e1168bd96878e2a5fd93da315121,app/(auth)/signup.jsx,0c9499f0e295ebc83f121d9172d0d9404372242690969e5f1d8109d990b82fcf,547,clean,2026-09-25
FS-008,ireps-mobile,feature/meter-normalisation-v1,74a9497dd162e1168bd96878e2a5fd93da315121,app/(tabs)/admin/operations/dashboard/control.js,6a5fb4fa0fcb483dbbca2f9171af4aa237b6dba582024cb43cd54c03bf2e3f8d,2356,clean,2026-09-25
FS-009,ireps-mobile,feature/meter-normalisation-v1,74a9497dd162e1168bd96878e2a5fd93da315121,app/(tabs)/admin/operations/geo-fences.js,2260176306c8f9208f59fd9a48a3be486730f8ff7eae186c8d1a0fae91e4a61f,937,clean,2026-09-25
FS-010,ireps-mobile,feature/meter-normalisation-v1,74a9497dd162e1168bd96878e2a5fd93da315121,app/(tabs)/admin/operations/my-workorders.js,d4ecbee3512ca9747504e8c0071b74e52738d92da62f31964f7379f7b3063c04,7389,clean,2026-09-25
FS-011,ireps-mobile,feature/meter-normalisation-v1,74a9497dd162e1168bd96878e2a5fd93da315121,app/(tabs)/admin/operations/targeted-batch-no-access.js,76a5abee46cbd9ccff9c68532d50f2938e0331d71d4c07dc223027ddb2777f33,188,clean,2026-09-25
FS-012,ireps-mobile,feature/meter-normalisation-v1,74a9497dd162e1168bd96878e2a5fd93da315121,app/(tabs)/admin/operations/teams.js,ea805fdfa7dd7dd6815ea80c0b21dfdab4c1827c19dfa7f184a8e076bc633c2e,1044,clean,2026-09-25
FS-013,ireps-mobile,feature/meter-normalisation-v1,74a9497dd162e1168bd96878e2a5fd93da315121,app/(tabs)/admin/operations/trn-origin.js,5f6fabd325316af1855fd6080855993e78546bb970bea98bf621819067a45405,1699,clean,2026-09-25
FS-014,ireps-mobile,feature/meter-normalisation-v1,74a9497dd162e1168bd96878e2a5fd93da315121,app/(tabs)/admin/settings/index.js,b9a854155232ef98d72851ed4a550b07b1a97ec76349c87c27137e37c4046dd1,235,clean,2026-09-25
FS-015,ireps-mobile,feature/meter-normalisation-v1,74a9497dd162e1168bd96878e2a5fd93da315121,app/(tabs)/admin/settings/select-lookups/[lookupKey].js,854e1c8ea90806cc66329754a98961eb839c34a8a0ffc8bed4eb9dddd54707fc,1188,clean,2026-09-25
FS-016,ireps-mobile,feature/meter-normalisation-v1,74a9497dd162e1168bd96878e2a5fd93da315121,app/(tabs)/admin/settings/select-lookups/create.js,eb71a299dc25f760b1b754ab432b8ff41c76b5b53e0e4a29f6d5c3524cf3d147,611,clean,2026-09-25
FS-017,ireps-mobile,feature/meter-normalisation-v1,74a9497dd162e1168bd96878e2a5fd93da315121,app/(tabs)/admin/settings/select-lookups/option.js,112b61a1bd116b7b8d4938500cab97c11fb66ba55651e638f35e5a1baffb5acf,706,clean,2026-09-25
FS-018,ireps-mobile,feature/meter-normalisation-v1,74a9497dd162e1168bd96878e2a5fd93da315121,app/(tabs)/admin/user/user-settings.js,de5c890d668c7858ae84736f52b306426e19fec44a52a5d05eca38d781321890,349,clean,2026-09-25
FS-019,ireps-mobile,feature/meter-normalisation-v1,74a9497dd162e1168bd96878e2a5fd93da315121,app/(tabs)/admin/users/[uid].js,02479c98f2e371aa46686bc8b8639ef6c21cc7cebfdc76f83e8ad05693fe0ff4,377,clean,2026-09-25
FS-020,ireps-mobile,feature/meter-normalisation-v1,74a9497dd162e1168bd96878e2a5fd93da315121,app/(tabs)/admin/users/create-admin.js,494809ddd049d64cdb43d6b313132e13df013e7e93bc22d30a39b55520d0ba8b,159,clean,2026-09-25
FS-021,ireps-mobile,feature/meter-normalisation-v1,74a9497dd162e1168bd96878e2a5fd93da315121,app/(tabs)/admin/users/create-manager.js,506e4c6ce354a6276272ab67edc850a0b567c467043acba3a34f1463fe989270,344,clean,2026-09-25
FS-022,ireps-mobile,feature/meter-normalisation-v1,74a9497dd162e1168bd96878e2a5fd93da315121,app/(tabs)/admin/users/create-supervisor.js,b9fb2d8793ed94327173bd2d7c176cd92e773372b1193e07578790e7b4a4ef7a,453,clean,2026-09-25
FS-023,ireps-mobile,feature/meter-normalisation-v1,74a9497dd162e1168bd96878e2a5fd93da315121,app/(tabs)/asts/commissioning.jsx,ae0ff348f39168d22ba59e80a60c89f4e6bf7642ed25177d1319995894329316,1754,clean,2026-09-25
FS-024,ireps-mobile,feature/meter-normalisation-v1,74a9497dd162e1168bd96878e2a5fd93da315121,app/(tabs)/asts/disconnection.jsx,6e18ea4b9757e8cb84a66a16837f4da4d29a1cc4a189cd0d0ac6d0b367145a61,2945,clean,2026-09-25
FS-025,ireps-mobile,feature/meter-normalisation-v1,74a9497dd162e1168bd96878e2a5fd93da315121,app/(tabs)/asts/inspection.js,50fc2963fc5dbec1d0dbdaf3d510fc203401ca619c1fd39b92f1c6adff65fb1a,5501,clean,2026-09-25
FS-026,ireps-mobile,feature/meter-normalisation-v1,74a9497dd162e1168bd96878e2a5fd93da315121,app/(tabs)/asts/meter-reading.js,a0e929bcb0262112efdcf6d5c72516b2e1ced201751bb6814efe9003338ada63,3723,clean,2026-09-25
FS-027,ireps-mobile,feature/meter-normalisation-v1,74a9497dd162e1168bd96878e2a5fd93da315121,app/(tabs)/asts/reconnection.jsx,9b881fa8a46ffba81cbe9e1caa904a33e608b1009d10cfdb0e7d0a1abb516f9a,2787,clean,2026-09-25
FS-028,ireps-mobile,feature/meter-normalisation-v1,74a9497dd162e1168bd96878e2a5fd93da315121,app/(tabs)/asts/removal.jsx,91d9864be610b389a86df5febbce532b8d26a341d960630c472570f06debdef2,3103,clean,2026-09-25
FS-029,ireps-mobile,feature/meter-normalisation-v1,74a9497dd162e1168bd96878e2a5fd93da315121,app/onboarding/change-password.js,2a5e8b613c0e845f98a3093d026532d111f7f1bf4f72fb8d986c20413c5bde4d,392,clean,2026-09-25
FS-030,ireps-mobile,feature/meter-normalisation-v1,74a9497dd162e1168bd96878e2a5fd93da315121,app/onboarding/complete-invited-profile.js,90f4f1ac44c8f017cbb0cc08faf82287a5345a9c94007818e4c6e9907c0c4d86,272,clean,2026-09-25
FS-031,ireps-mobile,feature/meter-normalisation-v1,74a9497dd162e1168bd96878e2a5fd93da315121,app/onboarding/confirm-admin.js,3cef40111f6257f083e299fb83b4f039869a25fd5419ea6d466b31a8296abd53,272,clean,2026-09-25
FS-032,ireps-mobile,feature/meter-normalisation-v1,74a9497dd162e1168bd96878e2a5fd93da315121,app/onboarding/select-workbase.js,9cca7caf9ea738b0409475a9b5e8f3ed579e36e41e57d9fa941f41b49820719d,169,clean,2026-09-25
FS-033,ireps-mobile,feature/meter-normalisation-v1,74a9497dd162e1168bd96878e2a5fd93da315121,app/onboarding/verify-email.js,6d2f86433902b91865cb124a81a2df21c0d5be34eb047185fd27c7d298542327,113,clean,2026-09-25
FS-034,ireps-mobile,feature/meter-normalisation-v1,74a9497dd162e1168bd96878e2a5fd93da315121,app/onboarding/verify-phone.js,303b38ac568663f2e6db9b6270f315f8c692e01cbf3ec2821efc55d526a76418,124,clean,2026-09-25
FS-035,ireps-mobile,feature/meter-normalisation-v1,74a9497dd162e1168bd96878e2a5fd93da315121,components/forms/ElectricitySections.js,0d502834743f76ab23ace9380dcebf9e8eb3eb86e8be8d796cae123d9efcb44b,1034,clean,2026-09-25
FS-036,ireps-mobile,feature/meter-normalisation-v1,74a9497dd162e1168bd96878e2a5fd93da315121,components/forms/IrepsFieldCommentSection.js,3fab953e41b03c085a0105bbf37a25bd281cbb8316cfed401893662be1be00a7,1201,clean,2026-09-25
FS-037,ireps-mobile,feature/meter-normalisation-v1,74a9497dd162e1168bd96878e2a5fd93da315121,components/forms/IrepsNoAccessSection.js,021b3f878fe25eae31b17ee6edaba1b8da8a01afbb6bfccbb63ddcff17237dbe,279,clean,2026-09-25
FS-038,ireps-mobile,feature/meter-normalisation-v1,74a9497dd162e1168bd96878e2a5fd93da315121,components/forms/RemainingCreditSection.js,ddc7b389951748f5bd43f7600c191aff2c7c42c92adce8c8555529eb4b930bcc,107,clean,2026-09-25
FS-039,ireps-mobile,feature/meter-normalisation-v1,74a9497dd162e1168bd96878e2a5fd93da315121,components/forms/WaterSections.js,83f1aca33041fa5c576e7ff162f66852e1bf6c2e1a1b3d14d83a55a2c7075d60,193,clean,2026-09-25
FS-040,ireps-mobile,feature/meter-normalisation-v1,74a9497dd162e1168bd96878e2a5fd93da315121,src/features/auth/authMessages.js,8775433aee0254efe930a28f863c2c8d0872d94375abca6e663ac97ed3e02f89,220,clean,2026-09-25
FS-041,ireps-mobile,feature/meter-normalisation-v1,74a9497dd162e1168bd96878e2a5fd93da315121,src/features/erfs/FormInformalErf.js,16b63a0109358d921eab69d0bc75ec38d52387661b7bc9473a3e339385f15210,951,clean,2026-09-25
FS-042,ireps-mobile,feature/meter-normalisation-v1,74a9497dd162e1168bd96878e2a5fd93da315121,src/features/meters/FormMeterIstallation.js,e057796ffec0b60e95b6cda16fee3e1dd2486f0c86bbaf72cc0146763bc7a4e4,2236,clean,2026-09-25
FS-043,ireps-mobile,feature/meter-normalisation-v1,74a9497dd162e1168bd96878e2a5fd93da315121,src/features/meters/WaterMeterEntry.js,dd1e508c4584e495019bf1a70353e7f1f9444fc8ecb735eac2f1d89ba28d8912,464,clean,2026-09-25
FS-044,ireps-mobile,feature/meter-normalisation-v1,74a9497dd162e1168bd96878e2a5fd93da315121,src/features/meters/formOptions.js,2e19b28f36e159b82cc875f34ebac9191069d78707f2d03c5b3a759f6b77cc7c,472,clean,2026-09-25
FS-045,ireps-mobile,feature/meter-normalisation-v1,74a9497dd162e1168bd96878e2a5fd93da315121,src/features/meters/meterNumberRule.js,e6f79c1b2804192c2fa747bd35097d44e379d8ae460e31ffc4e4ec8ca9fb5a0c,21,clean,2026-09-25
FS-046,ireps-mobile,feature/meter-normalisation-v1,74a9497dd162e1168bd96878e2a5fd93da315121,src/features/meters/noAccessReasons.js,ef022bfd613e618ff67c0eecbd9e9379a554fc246b925d6e74308ebd7f4ff9c5,28,clean,2026-09-25
FS-047,ireps-mobile,feature/meter-normalisation-v1,74a9497dd162e1168bd96878e2a5fd93da315121,src/features/premises/FormAccountData.js,3d1292f846412144bc30947666a5c42d0f24d1341a954a0303fe96504feac651,2133,clean,2026-09-25
FS-048,ireps-mobile,feature/meter-normalisation-v1,74a9497dd162e1168bd96878e2a5fd93da315121,src/features/premises/formPremise.js,f655e07b05101a2fb00e3c70216ecc3164c5dc91b0aa910d138001fba3932327,2043,clean,2026-09-25
FS-049,ireps-mobile,feature/meter-normalisation-v1,74a9497dd162e1168bd96878e2a5fd93da315121,src/features/premises/premiseRepeatability.js,76d81986b4e0644a88be084e28e38a6f437b714db18ae2364ac43b318b09c63f,179,clean,2026-09-25
FS-050,ireps-mobile,feature/meter-normalisation-v1,74a9497dd162e1168bd96878e2a5fd93da315121,src/features/premises/targetedBatchPremiseContext.js,8a8875fb3b5d0266e698a11ad31f25eb7602d6f3a82624a4ae5e964a850386ff,157,clean,2026-09-25
FS-051,ireps-mobile,feature/meter-normalisation-v1,74a9497dd162e1168bd96878e2a5fd93da315121,src/features/serviceProviders/FormCreateServiceProvider.js,a27cf1d0769fd87c3e28878b6cc90680876e4986322bc0d4834e24287c4fa630,138,clean,2026-09-25
FS-052,ireps-mobile,feature/meter-normalisation-v1,74a9497dd162e1168bd96878e2a5fd93da315121,src/features/serviceProviders/FormEditServiceProvider.js,f38b8db51f2778a79fc6b5de476fb93206c1e64ae81e700fd5019a6d9f51c6a5,187,clean,2026-09-25
FS-053,ireps-mobile,feature/meter-normalisation-v1,74a9497dd162e1168bd96878e2a5fd93da315121,src/features/serviceProviders/FormServiceProvider.js,153c0776c420090baaa60ee5c2df59ec20b33b4dfaf2f4806c1a862214a02780,509,clean,2026-09-25
FS-054,ireps-mobile,feature/meter-normalisation-v1,74a9497dd162e1168bd96878e2a5fd93da315121,src/redux/authApi.js,fa77b5aaff9937efc2c9ec5a709547e931cb4512b4eb12ae647b5b1f8cb86c61,697,clean,2026-09-25
FS-055,ireps-mobile,feature/meter-normalisation-v1,74a9497dd162e1168bd96878e2a5fd93da315121,src/services/informalErfSubmissionController.js,d10c89144c5bd51b020fd467dbfacc8f33db1f3d73aad362253a55c2c1db4b1c,760,clean,2026-09-25
FS-056,ireps-mobile,feature/meter-normalisation-v1,74a9497dd162e1168bd96878e2a5fd93da315121,src/utils/accountDataSubmissionQueue.js,dca8a70353b37013090d22bc906d535ec32c8fd02cc8dbc4cd8503e8bcf2c21a,415,clean,2026-09-25
FS-057,ireps-mobile,feature/meter-normalisation-v1,74a9497dd162e1168bd96878e2a5fd93da315121,src/utils/premiseSubmissionQueue.js,1acb3c21e8a7c1f19ec5b23dbb92b2d5c107464eb508398fb528dcfec0b5389c,318,clean,2026-09-25
FS-058,ireps-mobile,feature/meter-normalisation-v1,74a9497dd162e1168bd96878e2a5fd93da315121,src/utils/submissionQueue.js,b65b45e8decdcdf04ccc24f6cad425ad5c7bea26e9230a2c141502fa32e6e306,780,clean,2026-09-25
FS-059,ireps-rules,main,f5dc84e44c9f612fa22f708dcbd2da6fbaafdd1b,auth/auth-rules.md,abb70e9c0c4a54b4afd5ab41acd24b8b530fcf568d25c09c512e7fe0906871f4,240,clean,2026-09-25
FS-060,ireps-rules,main,f5dc84e44c9f612fa22f708dcbd2da6fbaafdd1b,logic-rules/meter-capture-permutations.md,e3399a24437b858c695bb7a0bd4989c61ef6292032df67b3fd25f4d200ccdc79,102,clean,2026-09-25
FS-061,ireps-rules,main,f5dc84e44c9f612fa22f708dcbd2da6fbaafdd1b,logic-rules/meter-normalisation-rules.md,5b8f97cd01bc7b0de5194bb1aa638a77861842f30fde7da4748d6652c80ba840,344,clean,2026-09-25
FS-062,ireps-rules,main,f5dc84e44c9f612fa22f708dcbd2da6fbaafdd1b,ui-rules/field-form-dropdowns.md,5d5bad7667f35016266a4ff26998a6ec9845c4bb55e43bdbec92654570a3056f,159,clean,2026-09-25
FS-063,ireps-rules,main,f5dc84e44c9f612fa22f708dcbd2da6fbaafdd1b,ui-rules/form-text-colour.md,d1f5c0f464b752275158ce2ca38ab44aeefc2ba84d5449d64bce6faa43a0b784,54,clean,2026-09-25
FS-064,ireps-web-email,feature/change-email,f9f0a09be4e3d9363a39977f998aeea296613323,functions/users/helpers.js,b0772f6d877d34c29baec7761d1a038f1486ce0b2338e72dde1e94f30758f0cb,192,clean,2026-09-25
FS-065,ireps-web-email,feature/change-email,f9f0a09be4e3d9363a39977f998aeea296613323,functions/users/index.js,212487b4244be5d790fbcf9018648530de59f2fe93eaa00cccc1db38c572328c,1,clean,2026-09-25
FS-066,ireps-web-email,feature/change-email,f9f0a09be4e3d9363a39977f998aeea296613323,functions/users/updateUserCallable.js,80228e0a37b2058881a96fc9e897a904088f2444b10b381605de42e52589b659,180,clean,2026-09-25
FS-067,ireps-web-email,feature/change-email,f9f0a09be4e3d9363a39977f998aeea296613323,src/pages/users/UsersPage.jsx,e6e6d91b2dac5861d954243e525fb209b86236227f95817de82617cfaec9f034,1648,clean,2026-09-25
FS-068,ireps-web-forms,feature/web-forms-black-text,03d5368ed3f570e4f37a5a666f6583a151e4bbd7,src/theme/formColors.js,835843215b8745f7e69eada8f125e78a402e95a26dfe3b8be0a43af5740c90b7,19,clean,2026-09-25
FS-069,ireps-web-normalisation,feature/meter-normalisation-v1,d14992ce4ab608e7688259b33ac4c3a842bce02d,functions/commissioning/callable.js,67806c0b8450edd6dbad8465a398b168de3085a8b76807463d5158929715d63a,251,clean,2026-09-25
FS-070,ireps-web-normalisation,feature/meter-normalisation-v1,d14992ce4ab608e7688259b33ac4c3a842bce02d,functions/commissioning/helpers.js,cb8a12dcbac481cf5bea7cb3d8eaacbcb64126f0822a0bf0f17adcfbe5086137,477,clean,2026-09-25
FS-071,ireps-web-normalisation,feature/meter-normalisation-v1,d14992ce4ab608e7688259b33ac4c3a842bce02d,functions/commissioning/trigger.js,28973fd6e7f1e3557ec19f4e612d46eb7f83547cf028698f5cd5ee9944708ca2,190,clean,2026-09-25
FS-072,ireps-web-normalisation,feature/meter-normalisation-v1,d14992ce4ab608e7688259b33ac4c3a842bce02d,functions/dataCleansing/callables.js,479b84dde8b607d8cc6239c27f37ccd62b96b0011c5825a78446aa9ba030b0c9,129,clean,2026-09-25
FS-073,ireps-web-normalisation,feature/meter-normalisation-v1,d14992ce4ab608e7688259b33ac4c3a842bce02d,functions/index.js,c0790c322f866b3e4b5f4d85c3fd5f8ec5c3408fbe8a295d177f06d071d639f4,5447,clean,2026-09-25
FS-074,ireps-web-normalisation,feature/meter-normalisation-v1,d14992ce4ab608e7688259b33ac4c3a842bce02d,functions/meterInstallation/validation.js,6ad4eaea453130d9fc616d6e3de6b7bd4219ccf99dc073bbfc173bdb7a448f9b,161,clean,2026-09-25
FS-075,ireps-web-normalisation,feature/meter-normalisation-v1,d14992ce4ab608e7688259b33ac4c3a842bce02d,functions/meterLifecycle/acceptRejectCallable.js,ce80b1fb3b37f14b462e643e4c52d3dafcb4cbc4955d011247ac084392035ef0,663,clean,2026-09-25
FS-076,ireps-web-normalisation,feature/meter-normalisation-v1,d14992ce4ab608e7688259b33ac4c3a842bce02d,functions/meterLifecycle/callables.js,55f4fb25edb06e1d2796f12d2f118532c8dbdbec358bd5c07b3899eddcafcb53,1165,clean,2026-09-25
FS-077,ireps-web-normalisation,feature/meter-normalisation-v1,d14992ce4ab608e7688259b33ac4c3a842bce02d,functions/meterLifecycle/helpers.js,d38acf1bba9884f2429b985a82f072a6a2b49b69c8017e4d4d4662c9b901dd5f,3563,clean,2026-09-25
FS-078,ireps-web-normalisation,feature/meter-normalisation-v1,d14992ce4ab608e7688259b33ac4c3a842bce02d,functions/meterLifecycle/instructionCallable.js,1839db4ac7f9e2af9ddced8b56bf67490b0d4e84b319cc336b6097999276a3a4,538,clean,2026-09-25
FS-079,ireps-web-normalisation,feature/meter-normalisation-v1,d14992ce4ab608e7688259b33ac4c3a842bce02d,functions/meterLifecycle/manageInstructionCallable.js,a56db31a5611cf303bd7a759402c68f8a5d98d1fa63c52a081e3f2cbb98c3873,855,clean,2026-09-25
FS-080,ireps-web-normalisation,feature/meter-normalisation-v1,d14992ce4ab608e7688259b33ac4c3a842bce02d,functions/registry/premiseCallable.js,b955855b03dd759a061c9179164c815fea847433f3f30653caf8f1f79d988287,41,clean,2026-09-25
FS-081,ireps-web,feature/sales-targeted-batch-v3,ddd3121e2e82334731504e87d755fbdfc29d37ac,functions/geofences/callables.js,cba9809aaac4a79d59494d16f20107b348fce1f4d82534fbfa5e7bb2feb8fc29,96,clean,2026-09-25
FS-082,ireps-web,feature/sales-targeted-batch-v3,ddd3121e2e82334731504e87d755fbdfc29d37ac,functions/geofences/geofence-name.js,f3484c4ca57679e5e703448cee25060b4a8fd32851276d32d3193ccfabd6dfbb,55,clean,2026-09-25
FS-083,ireps-web,feature/sales-targeted-batch-v3,ddd3121e2e82334731504e87d755fbdfc29d37ac,functions/geofences/helpers.js,820f4b99f1077ede23b2a1cb4c1f78f096b45b3629345a03d7659c3e311cbd6a,460,clean,2026-09-25
FS-084,ireps-web,feature/sales-targeted-batch-v3,ddd3121e2e82334731504e87d755fbdfc29d37ac,functions/geofences/membership.js,aa5ad459f51289b6e12c48e6056d5872a92269212a4f40362e45a51c9deda7fb,737,clean,2026-09-25
FS-085,ireps-web,feature/sales-targeted-batch-v3,ddd3121e2e82334731504e87d755fbdfc29d37ac,functions/geofences/sales-batch-geometry.js,2a4e8e253e15d0157867d68b49bc44c0e259acd4eb587258e75dba3b1f5bb173,144,clean,2026-09-25
FS-086,ireps-web,feature/sales-targeted-batch-v3,ddd3121e2e82334731504e87d755fbdfc29d37ac,functions/geofences/salesMembership.js,546b639e56ced7a95cccbf0bfc94338e1b3c2583fc4f8b5e1381bb2840be0b89,233,clean,2026-09-25
FS-087,ireps-web,feature/sales-targeted-batch-v3,ddd3121e2e82334731504e87d755fbdfc29d37ac,functions/geofences/triggers.js,2a173d2d2ce933328a105b62b989933ee7c90616005bd10d604387c42d26b805,260,clean,2026-09-25
FS-088,ireps-web,feature/sales-targeted-batch-v3,ddd3121e2e82334731504e87d755fbdfc29d37ac,functions/index.js,a1a34eadd783f8f5bc60bcf3ae929ad2af83a5b0e862051e32b13e660c7d5ea3,5763,clean,2026-09-25
FS-089,ireps-web,feature/sales-targeted-batch-v3,ddd3121e2e82334731504e87d755fbdfc29d37ac,functions/informal-erfs/helpers.js,2ba79ca9e36b8788866d8d99d530c2116f44d06c5644d43f952d55cd465d0cfe,1273,clean,2026-09-25
FS-090,ireps-web,feature/sales-targeted-batch-v3,ddd3121e2e82334731504e87d755fbdfc29d37ac,functions/informal-erfs/submitInformalErfCallable.js,cb52c0f55348cad1935efbc6bb154719b1c9db71030b686688f6d2aa965fc6bf,931,clean,2026-09-25
FS-091,ireps-web,feature/sales-targeted-batch-v3,ddd3121e2e82334731504e87d755fbdfc29d37ac,functions/lookups/constants.js,d53f13df1544a59ae471e8e40feb748b464ac7296ed42f480faf93a810609b8e,48,clean,2026-09-25
FS-092,ireps-web,feature/sales-targeted-batch-v3,ddd3121e2e82334731504e87d755fbdfc29d37ac,functions/lookups/index.js,61558f428c20b0183fb437033f231b82a3cd16f61e4af9172febe1808adfbbc6,3,clean,2026-09-25
FS-093,ireps-web,feature/sales-targeted-batch-v3,ddd3121e2e82334731504e87d755fbdfc29d37ac,functions/lookups/onIrepsSelectLookupAdminCallable.js,73e3955d90925a4ad7082969a825b4007fbf76219d612892153f94ff2b6a7727,629,clean,2026-09-25
FS-094,ireps-web,feature/sales-targeted-batch-v3,ddd3121e2e82334731504e87d755fbdfc29d37ac,functions/lookups/onIrepsSelectOptionsCallable.js,b946f0ad48399db8d3737d714580e0794607d0562f876f6e12b22cb1d8d7fa6e,115,clean,2026-09-25
FS-095,ireps-web,feature/sales-targeted-batch-v3,ddd3121e2e82334731504e87d755fbdfc29d37ac,functions/lookups/serializers.js,dbfcc9351750adfe1941da84d6396b84c047eb7c77c1e6c85068d3e9fff5c3ac,109,clean,2026-09-25
FS-096,ireps-web,feature/sales-targeted-batch-v3,ddd3121e2e82334731504e87d755fbdfc29d37ac,functions/lookups/validators.js,14b5c7d7476ecdb61cd5b39b948c302355e1ac8febf87ec4661f46852d2d59f4,317,clean,2026-09-25
FS-097,ireps-web,feature/sales-targeted-batch-v3,ddd3121e2e82334731504e87d755fbdfc29d37ac,functions/registry/mread/constants.js,760f519b2cd9947c8fda88fdfa3f4ede96bcf38dfd101d7f1400332a760ef48d,45,clean,2026-09-25
FS-098,ireps-web,feature/sales-targeted-batch-v3,ddd3121e2e82334731504e87d755fbdfc29d37ac,functions/registry/mread/generateMreadStaging.js,215a03780f93a62bac1e39985ef2649a4453ae9fbba4959852488b684e5d0cb4,1854,clean,2026-09-25
FS-099,ireps-web,feature/sales-targeted-batch-v3,ddd3121e2e82334731504e87d755fbdfc29d37ac,functions/registry/mread/index.js,6b1c6fbdc739301827cd394926b3d781985ac61973302867a6292d63001ed1e3,12,clean,2026-09-25
FS-100,ireps-web,feature/sales-targeted-batch-v3,ddd3121e2e82334731504e87d755fbdfc29d37ac,functions/registry/mread/listMreadStagingCycles.js,fbac4b1626151f7e274818af9b301bb5b50fe5c13e3799af8830f8d43b49705f,423,clean,2026-09-25
FS-101,ireps-web,feature/sales-targeted-batch-v3,ddd3121e2e82334731504e87d755fbdfc29d37ac,functions/registry/mread/listMreadStagingRows.js,654d0eaeb5be92b9262f661f505a950424eb86c49d494f31bde60ada7307b508,222,clean,2026-09-25
FS-102,ireps-web,feature/sales-targeted-batch-v3,ddd3121e2e82334731504e87d755fbdfc29d37ac,functions/registry/mread/listMreadStagingSessions.js,b7e2377b6d1df8be9796e31b7793a44031ff5918a8fdebe5a6a5d2bdb4629afb,183,clean,2026-09-25
FS-103,ireps-web,feature/sales-targeted-batch-v3,ddd3121e2e82334731504e87d755fbdfc29d37ac,functions/registry/mread/mapTrnMreadToRegistryMread.js,0687295d397df9a3307b81a8761c9f40fcf71157f02e2d52ed768f72b0bd7e3d,825,clean,2026-09-25
FS-104,ireps-web,feature/sales-targeted-batch-v3,ddd3121e2e82334731504e87d755fbdfc29d37ac,functions/registry/mread/mreadStagingCycleController.v2.js,3169c17ceaac959cbb0306377b094e85764a2d4ef5b4a844acd56a03b0911ace,206,clean,2026-09-25
FS-105,ireps-web,feature/sales-targeted-batch-v3,ddd3121e2e82334731504e87d755fbdfc29d37ac,functions/registry/mread/rebuildRegistryMread.js,36341e6d7b3e332f65b3d00fb983d43742ff747d276aca59d6d14f6af648285a,148,clean,2026-09-25
FS-106,ireps-web,feature/sales-targeted-batch-v3,ddd3121e2e82334731504e87d755fbdfc29d37ac,functions/registry/mread/writeRegistryMreadFromTrn.js,dbf16ebd5c2614767d73c80a1d96ce0a51e183be0e7baf28e0a1b36b884b376b,159,clean,2026-09-25
FS-107,ireps-web,feature/sales-targeted-batch-v3,ddd3121e2e82334731504e87d755fbdfc29d37ac,functions/reportPlatform/config.js,55c1294d65f5b401d89224b4604e45d40946ec648c99a8330f295fb08ebe2322,91,clean,2026-09-25
FS-108,ireps-web,feature/sales-targeted-batch-v3,ddd3121e2e82334731504e87d755fbdfc29d37ac,functions/reportPlatform/contract.js,2c2e799d4ee1e62d0574b6e99a391f268341542ec2cf444c8e91ae38c6eba5e9,259,clean,2026-09-25
FS-109,ireps-web,feature/sales-targeted-batch-v3,ddd3121e2e82334731504e87d755fbdfc29d37ac,functions/reportPlatform/emailDelivery.js,af24088711f8b44e6cedd1e5331f935614eacd33b0cdf532087dcc7d313ae3a3,339,clean,2026-09-25
FS-110,ireps-web,feature/sales-targeted-batch-v3,ddd3121e2e82334731504e87d755fbdfc29d37ac,functions/reportPlatform/emailDeliveryCallable.js,b035928fc84eda8184ec1501afe2a5c8e8272db544f84b808361f8a2c20ff33b,85,clean,2026-09-25
FS-111,ireps-web,feature/sales-targeted-batch-v3,ddd3121e2e82334731504e87d755fbdfc29d37ac,functions/reportPlatform/generatedReports.js,ff2bbc6cea75f1c716b9b70962fa1eb89134b3722c0e3e8908d596a8e929bcdc,479,clean,2026-09-25
FS-112,ireps-web,feature/sales-targeted-batch-v3,ddd3121e2e82334731504e87d755fbdfc29d37ac,functions/reportPlatform/generatedReportsCallables.js,603ef6a590417b26a79e3746724215f89b08a2f71205cdce41425407663054b0,72,clean,2026-09-25
FS-113,ireps-web,feature/sales-targeted-batch-v3,ddd3121e2e82334731504e87d755fbdfc29d37ac,functions/reportPlatform/persistence.js,59c0b5881d94d27ed8dceec5ab52dbafd3d5d50bda9be36200b047bbc99769cd,328,clean,2026-09-25
FS-114,ireps-web,feature/sales-targeted-batch-v3,ddd3121e2e82334731504e87d755fbdfc29d37ac,functions/reportPlatform/persistenceCallables.js,be581d46166d92b0ca5c16dd4b66cd9babd6768683f0bdaed6d778e7219e1025,54,clean,2026-09-25
FS-115,ireps-web,feature/sales-targeted-batch-v3,ddd3121e2e82334731504e87d755fbdfc29d37ac,functions/reportPlatform/retentionCleanup.js,cd3079cdf8ac16dee24610e5976c93c0831cb32e783f95cf82b6be47df30c7dc,296,clean,2026-09-25
FS-116,ireps-web,feature/sales-targeted-batch-v3,ddd3121e2e82334731504e87d755fbdfc29d37ac,functions/reportPlatform/retentionCleanupSchedule.js,ea68ddb485b9443e00713ccf715880a50537166743e5a7938b2d658c42b6f75d,31,clean,2026-09-25
FS-117,ireps-web,feature/sales-targeted-batch-v3,ddd3121e2e82334731504e87d755fbdfc29d37ac,functions/reportPlatform/trnMediaCallables.js,1e93d725e953bb3d7d2a4681d4043434a5782ef99fa9dcbb3d4eb2e3b9120adc,448,clean,2026-09-25
FS-118,ireps-web,feature/sales-targeted-batch-v3,ddd3121e2e82334731504e87d755fbdfc29d37ac,functions/reportPlatform/validateGeneratedReport.js,4c47e2a2642f069b26f265a90cb9dc42a0515502cab10aa2306782c718948ae5,362,clean,2026-09-25
FS-119,ireps-web,feature/sales-targeted-batch-v3,ddd3121e2e82334731504e87d755fbdfc29d37ac,functions/reports/generalMonthlyReport.js,365c8008c2c15c720a3c7f11942a514912a698e67573030b798b1e0c1b2623ad,1477,clean,2026-09-25
FS-120,ireps-web,feature/sales-targeted-batch-v3,ddd3121e2e82334731504e87d755fbdfc29d37ac,functions/targetedBatches/acceptanceCallable.js,38aea9e047680be91b0f8e631a5e92a99491a08941a342636627acbe2b7b31bd,550,clean,2026-09-25
FS-121,ireps-web,feature/sales-targeted-batch-v3,ddd3121e2e82334731504e87d755fbdfc29d37ac,functions/targetedBatches/allocationCallable.js,a865543374d429b8165ce3a6837638b6cdc11deef0198565e6dfa4f586625b06,1326,clean,2026-09-25
FS-122,ireps-web,feature/sales-targeted-batch-v3,ddd3121e2e82334731504e87d755fbdfc29d37ac,functions/targetedBatches/batch-stats.js,1ce952e7c66cd7b57701128015d8dff38a9e6e32c3e60d7a46317610a7448e99,220,clean,2026-09-25
FS-123,ireps-web,feature/sales-targeted-batch-v3,ddd3121e2e82334731504e87d755fbdfc29d37ac,functions/targetedBatches/batch-work-guard.js,03889bca92d492ffb77ae14a17f2b54214cd67dc9135d21d4398fecb003ce7ef,522,clean,2026-09-25
FS-124,ireps-web,feature/sales-targeted-batch-v3,ddd3121e2e82334731504e87d755fbdfc29d37ac,functions/targetedBatches/batchStatsCallable.js,242c63e41a63f755e44d75a67ec60ca85feccdc1c88de3bb1aba57687f6788f6,55,clean,2026-09-25
FS-125,ireps-web,feature/sales-targeted-batch-v3,ddd3121e2e82334731504e87d755fbdfc29d37ac,functions/targetedBatches/callables.js,53d53ba85a5798ebb54f098cd1c7a4c4cc8617683222a8b6df6803aa7a9719c9,12,clean,2026-09-25
FS-126,ireps-web,feature/sales-targeted-batch-v3,ddd3121e2e82334731504e87d755fbdfc29d37ac,functions/targetedBatches/deleteCallable.js,12a89c8be6c932b5c0a78c79b23f2c45e6b78dcc31cb417b7f865e7ad270f88e,86,clean,2026-09-25
FS-127,ireps-web,feature/sales-targeted-batch-v3,ddd3121e2e82334731504e87d755fbdfc29d37ac,functions/targetedBatches/differentMeterAtErf.js,5e63909d570953e8f76ac946a4a7e24580c850aab1adf0d9fcc34de699cc1e43,445,clean,2026-09-25
FS-128,ireps-web,feature/sales-targeted-batch-v3,ddd3121e2e82334731504e87d755fbdfc29d37ac,functions/targetedBatches/documentFactory.js,8d7c46804925517dc2cfe7ef39738de54771fc135dd72b359965a64aa588094c,319,clean,2026-09-25
FS-129,ireps-web,feature/sales-targeted-batch-v3,ddd3121e2e82334731504e87d755fbdfc29d37ac,functions/targetedBatches/execution-evidence.js,2e2c077a4125732e84b80a5e84e191e1f6f94a25456cf4a2742f45a1177acbe6,28,clean,2026-09-25
FS-130,ireps-web,feature/sales-targeted-batch-v3,ddd3121e2e82334731504e87d755fbdfc29d37ac,functions/targetedBatches/getTargetedBatchRowsCallable.js,04fefccabe0dfabebe2fc7a05a38bcd84e088ab7ce093897c8f8c0aaa4bb896c,392,clean,2026-09-25
FS-131,ireps-web,feature/sales-targeted-batch-v3,ddd3121e2e82334731504e87d755fbdfc29d37ac,functions/targetedBatches/helpers.js,361740b3207afd62aaf76991943e65a7333f2a8e23d3e25fc15046cab95f6ab2,1431,clean,2026-09-25
FS-132,ireps-web,feature/sales-targeted-batch-v3,ddd3121e2e82334731504e87d755fbdfc29d37ac,functions/targetedBatches/lifecycle.js,af61f2fb0e62e4e966f95427eb98c0431dd1657d9cc9673a2488c7b4590164e7,344,clean,2026-09-25
FS-133,ireps-web,feature/sales-targeted-batch-v3,ddd3121e2e82334731504e87d755fbdfc29d37ac,functions/targetedBatches/premiseLink.js,7fe5ab2876f9c815b9b0704cd6d0fab9b5452b38fc41b5670a3cdc2603a169b6,1756,clean,2026-09-25
FS-134,ireps-web,feature/sales-targeted-batch-v3,ddd3121e2e82334731504e87d755fbdfc29d37ac,functions/targetedBatches/recordTargetedBatchNoAccessCallable.js,f8f55fd0a5a2afd30cc4be6de39d6dec3f8a91b24c2ff50951310ddebe752770,442,clean,2026-09-25
FS-135,ireps-web,feature/sales-targeted-batch-v3,ddd3121e2e82334731504e87d755fbdfc29d37ac,functions/targetedBatches/rowFollowsSales.js,7248bcae4095522d0143c75e40d382f15ab5ec8017f5f29473ea80ca11c6363d,389,clean,2026-09-25
FS-136,ireps-web,feature/sales-targeted-batch-v3,ddd3121e2e82334731504e87d755fbdfc29d37ac,functions/targetedBatches/rowFollowsSalesTrigger.js,7b2abe5c36b8ec4113f27ed1ae7a377b4de110a245e277896295ce54f20cbdbe,198,clean,2026-09-25
FS-137,ireps-web,feature/sales-targeted-batch-v3,ddd3121e2e82334731504e87d755fbdfc29d37ac,functions/targetedBatches/sales-batch-creation.js,84d2978960037ec86e2a179039b06acb211c76115d280e5bc9fd9cd0d45afe2a,82,clean,2026-09-25
FS-138,ireps-web,feature/sales-targeted-batch-v3,ddd3121e2e82334731504e87d755fbdfc29d37ac,functions/targetedBatches/sales-batch-geocoding.js,839c5ec8fde95433e47828f75b926198a2f92597b889477a396a7eba3fcece60,67,clean,2026-09-25
FS-139,ireps-web,feature/sales-targeted-batch-v3,ddd3121e2e82334731504e87d755fbdfc29d37ac,functions/targetedBatches/sales-batch-geofence.js,2026203e4d3cf5096f5e43732487cad4a6ee4d4777aadeb3c8c0b4f98526deaa,98,clean,2026-09-25
FS-140,ireps-web,feature/sales-targeted-batch-v3,ddd3121e2e82334731504e87d755fbdfc29d37ac,functions/targetedBatches/sales-batch-history.js,f67f1d5f360fbaf5e6b176a76f402704e1bcb5a3fc379d3bedd59e2ee529affe,15,clean,2026-09-25
FS-141,ireps-web,feature/sales-targeted-batch-v3,ddd3121e2e82334731504e87d755fbdfc29d37ac,functions/targetedBatches/sales-batch-resolution.js,78e417696d5bab3d47a46b0dc1f6c9cd83fffcacd71d281ab3f1353adbf983a1,283,clean,2026-09-25
FS-142,ireps-web,feature/sales-targeted-batch-v3,ddd3121e2e82334731504e87d755fbdfc29d37ac,functions/targetedBatches/sales-map-fence.js,8a237d9a1fe4f8856ad4a603d54be1c240564fc43b7ccc52d538804b20d5e940,90,clean,2026-09-25
FS-143,ireps-web,feature/sales-targeted-batch-v3,ddd3121e2e82334731504e87d755fbdfc29d37ac,functions/targetedBatches/takeOutOfBatch.js,2f6b5d3c20189dbb90e92bf9f6f4ad2c8c7f5e677efba2685c46abcafecc4069,184,clean,2026-09-25
FS-144,ireps-web,feature/sales-targeted-batch-v3,ddd3121e2e82334731504e87d755fbdfc29d37ac,functions/targetedBatches/takeOutOfBatchCallable.js,a6799773e32905502ccb666da2fc1e991ec6a4dbefa2d0d6edb99a3567f0f545,163,clean,2026-09-25
FS-145,ireps-web,feature/sales-targeted-batch-v3,ddd3121e2e82334731504e87d755fbdfc29d37ac,functions/targetedBatches/unallocateCallable.js,a58331af0c5f385078f6dd1ec092dd76d0414d2d59a2741e06d6ffc18f2b2b06,182,clean,2026-09-25
FS-146,ireps-web,feature/sales-targeted-batch-v3,ddd3121e2e82334731504e87d755fbdfc29d37ac,functions/teams/callables.js,64194765645c32af71d492dff2710ddfb63b80402f520e38115ea3fd4f6faee1,377,clean,2026-09-25
FS-147,ireps-web,feature/sales-targeted-batch-v3,ddd3121e2e82334731504e87d755fbdfc29d37ac,functions/teams/field-work-summary.js,fc864950b86373c617a0076c03d265ab08e02cc868a39c7524e05245095312f1,71,clean,2026-09-25
FS-148,ireps-web,feature/sales-targeted-batch-v3,ddd3121e2e82334731504e87d755fbdfc29d37ac,functions/teams/fieldWorkSummaryCallable.js,1c4dc0fd39eb5ec6d79e8529d9a2ef190d741e1fcf4bad5cf46d78ddfe3db3d5,37,clean,2026-09-25
FS-149,ireps-web,feature/sales-targeted-batch-v3,ddd3121e2e82334731504e87d755fbdfc29d37ac,functions/teams/helpers.js,b09aa818cb7604b5eafb22f69ba5ffce4030af78aeacbd3411ac16cb1926a45c,524,clean,2026-09-25
FS-150,ireps-web,feature/sales-targeted-batch-v3,ddd3121e2e82334731504e87d755fbdfc29d37ac,functions/teams/member-history.js,65a73ba442140524b321efb9e4bea7179b7b058410a0b71442b857f1e911ab68,35,clean,2026-09-25
FS-151,ireps-web,feature/sales-targeted-batch-v3,ddd3121e2e82334731504e87d755fbdfc29d37ac,functions/users/helpers.js,b0772f6d877d34c29baec7761d1a038f1486ce0b2338e72dde1e94f30758f0cb,192,clean,2026-09-25
FS-152,ireps-web,feature/sales-targeted-batch-v3,ddd3121e2e82334731504e87d755fbdfc29d37ac,functions/users/index.js,212487b4244be5d790fbcf9018648530de59f2fe93eaa00cccc1db38c572328c,1,clean,2026-09-25
FS-153,ireps-web,feature/sales-targeted-batch-v3,ddd3121e2e82334731504e87d755fbdfc29d37ac,functions/users/updateUserCallable.js,80228e0a37b2058881a96fc9e897a904088f2444b10b381605de42e52589b659,180,clean,2026-09-25
FS-154,ireps-web,feature/sales-targeted-batch-v3,ddd3121e2e82334731504e87d755fbdfc29d37ac,src/pages/ChangePasswordPage.jsx,53329f02817f417b6cc42e67f77212a608e94555a68aaf5a0b562e391202736b,186,clean,2026-09-25
FS-155,ireps-web,feature/sales-targeted-batch-v3,ddd3121e2e82334731504e87d755fbdfc29d37ac,src/pages/LoginPage.jsx,f00d1ac14844feaa43a5c8f741d2ee94386cf2b46b321d87ad62d0c2e8cb6b1d,116,clean,2026-09-25
FS-156,ireps-web,feature/sales-targeted-batch-v3,ddd3121e2e82334731504e87d755fbdfc29d37ac,src/pages/PasswordResetPage.jsx,fb9eeb5692b3d3c2080c8f1f6c708a718ec63346f4beedd8eeef5b932044e829,123,clean,2026-09-25
FS-157,ireps-web,feature/sales-targeted-batch-v3,ddd3121e2e82334731504e87d755fbdfc29d37ac,src/pages/admin/MreadStagingControllerPage.jsx,1d804bfae30deb02b82f97ba52fbd4f7346537a115572dc9625b8d81a0fb1341,578,clean,2026-09-25
FS-158,ireps-web,feature/sales-targeted-batch-v3,ddd3121e2e82334731504e87d755fbdfc29d37ac,src/pages/operations/BmdBgoPage.jsx,227f93b13fe0f748259f8138aff8d08ae604b4a6a74f16c3f202b07422f8e607,2426,clean,2026-09-25
FS-159,ireps-web,feature/sales-targeted-batch-v3,ddd3121e2e82334731504e87d755fbdfc29d37ac,src/pages/operations/GeoFencesPage.jsx,524e3aff3f654cadc338059076021e31427f4dae0f74d86662c9c70918648284,1674,clean,2026-09-25
FS-160,ireps-web,feature/sales-targeted-batch-v3,ddd3121e2e82334731504e87d755fbdfc29d37ac,src/pages/operations/GeofencePlanningLayers.jsx,7dd1f5afce172233ec7730b080d6012e6806f8bf5a16183b664b594f70175fd3,663,clean,2026-09-25
FS-161,ireps-web,feature/sales-targeted-batch-v3,ddd3121e2e82334731504e87d755fbdfc29d37ac,src/pages/operations/MdBgoRowsPage.jsx,3b4348c03b6f802cac5d0671a08d5abf4396a11a6e2c38a8fb765a1c9cb2a4d9,2042,clean,2026-09-25
FS-162,ireps-web,feature/sales-targeted-batch-v3,ddd3121e2e82334731504e87d755fbdfc29d37ac,src/pages/operations/OperationalTeamsPage.jsx,fee3109712dac0c41d856d78267e09fbd53a1449e038a1dc3d4a67eec3659a36,1060,clean,2026-09-25
FS-163,ireps-web,feature/sales-targeted-batch-v3,ddd3121e2e82334731504e87d755fbdfc29d37ac,src/pages/operations/TargetedBatchAllocationMapPage.jsx,f4478272c5b19e5f55bc81d43408fc3f5df6b6d80985960967bf59b9a4bb3dc6,442,clean,2026-09-25
FS-164,ireps-web,feature/sales-targeted-batch-v3,ddd3121e2e82334731504e87d755fbdfc29d37ac,src/pages/operations/TargetedBatchesPage.jsx,20d567436bf1d290dbb1f9b16450b99f4877f31d56f1b2fd440375089febdd03,2089,clean,2026-09-25
FS-165,ireps-web,feature/sales-targeted-batch-v3,ddd3121e2e82334731504e87d755fbdfc29d37ac,src/pages/operations/TcBgoPage.jsx,a5a1e3d0bc6370eb398347f7829d52511f51057dd08863d96dd5791918399404,3383,clean,2026-09-25
FS-166,ireps-web,feature/sales-targeted-batch-v3,ddd3121e2e82334731504e87d755fbdfc29d37ac,src/pages/operations/TcUploadsPage.jsx,76fc3d055fa4cec781aef651b71624afd5a75d5bf5f3bce6ef5a60378baf8718,3147,clean,2026-09-25
FS-167,ireps-web,feature/sales-targeted-batch-v3,ddd3121e2e82334731504e87d755fbdfc29d37ac,src/pages/operations/geofence-shared-ui.jsx,52a6de8d7dedcd9d62491841f2939b927b042df3baf2410adfaa492dda193d10,430,clean,2026-09-25
FS-168,ireps-web,feature/sales-targeted-batch-v3,ddd3121e2e82334731504e87d755fbdfc29d37ac,src/pages/operations/targeted-batches/TargetedBatchUnallocateModal.jsx,6a13641711794dbcebf1145f570eaed3fe98b01249191ff06b3c4b911c15cf24,201,clean,2026-09-25
FS-169,ireps-web,feature/sales-targeted-batch-v3,ddd3121e2e82334731504e87d755fbdfc29d37ac,src/pages/operations/targeted-batches/TargetedBatchUploadModal.jsx,c803ae896f6f486cfc5c22655cb800095abe17bdf1ffbf0beab0335213f83801,478,clean,2026-09-25
FS-170,ireps-web,feature/sales-targeted-batch-v3,ddd3121e2e82334731504e87d755fbdfc29d37ac,src/pages/operations/targeted-batches/allocation/TargetedBatchAllocationRowsPanel.jsx,d59564440810d9d837209b12773bd9da74616b22ee641850bb5df861d14f37b3,358,clean,2026-09-25
FS-171,ireps-web,feature/sales-targeted-batch-v3,ddd3121e2e82334731504e87d755fbdfc29d37ac,src/pages/operations/targeted-batches/allocation/TargetedBatchAllocationTargetPanel.jsx,e0892f09275aca9725a923ba56c1c8458bdebcde5726c0667c55ffc84d83d1fe,158,clean,2026-09-25
FS-172,ireps-web,feature/sales-targeted-batch-v3,ddd3121e2e82334731504e87d755fbdfc29d37ac,src/pages/operations/targeted-batches/draft/TargetedBatchDraftTable.jsx,e8ec097a6e4e820d1df2d42bb1ae2ffd4546ffccc69d99cea6dec388ebdb5654,39,clean,2026-09-25
FS-173,ireps-web,feature/sales-targeted-batch-v3,ddd3121e2e82334731504e87d755fbdfc29d37ac,src/pages/operations/targeted-batches/rows/TargetedBatchRowsTable.jsx,af6e48a2e1d22d87a0c45bc2bf7733a765e9be99e4c93374b46db307cf336128,224,clean,2026-09-25
FS-174,ireps-web,feature/sales-targeted-batch-v3,ddd3121e2e82334731504e87d755fbdfc29d37ac,src/pages/operations/targeted-batches/rows/TargetedBatchTakeOutWindows.jsx,4003146ca6c7155d47a7466ca1bcab12b884cec89631e2c0cf190ca2e18d94b8,160,clean,2026-09-25
FS-175,ireps-web,feature/sales-targeted-batch-v3,ddd3121e2e82334731504e87d755fbdfc29d37ac,src/pages/profile/ProfilePage.jsx,f203b310086031758ae4531cf014236de2fa094475d6847fd0f8b89ffde0a917,298,clean,2026-09-25
FS-176,ireps-web,feature/sales-targeted-batch-v3,ddd3121e2e82334731504e87d755fbdfc29d37ac,src/pages/registries/MreadRegistryPage.jsx,9f6fb49c5159b5efc1ee2f55ea3442ace0d7b7a1b67a520847b9b09ed2a3bf63,4308,clean,2026-09-25
FS-177,ireps-web,feature/sales-targeted-batch-v3,ddd3121e2e82334731504e87d755fbdfc29d37ac,src/pages/registries/MreadStagingPage.jsx,5702784cec3cab230d89eeeafd773eea2b6c0abd5de201beae975b331eef908e,2860,clean,2026-09-25
FS-178,ireps-web,feature/sales-targeted-batch-v3,ddd3121e2e82334731504e87d755fbdfc29d37ac,src/pages/registries/components/TrnReportPreviewModal.jsx,b05513a237c1fe4425324579db62c79b15a593b67c13efc5906cc459044c06e7,881,clean,2026-09-25
FS-179,ireps-web,feature/sales-targeted-batch-v3,ddd3121e2e82334731504e87d755fbdfc29d37ac,src/pages/reports/GeneralMonthlyReportPage.jsx,4ac25c33f776e6aca18659ae49fd9dd81f25e05b7a6c1b7f82106e801ec68a37,858,clean,2026-09-25
FS-180,ireps-web,feature/sales-targeted-batch-v3,ddd3121e2e82334731504e87d755fbdfc29d37ac,src/pages/sales/NonGpsBatchPlanningPage.jsx,2be3445d527d55a9316b5b6bd4f281b89cc5ea165ddb2ae75e5672af3d8b2c14,698,clean,2026-09-25
FS-181,ireps-web,feature/sales-targeted-batch-v3,ddd3121e2e82334731504e87d755fbdfc29d37ac,src/pages/sales/components/NonGpsQuickSelect.jsx,3e380849d7eed049e0fcc707008a2eaa7f8acfba1b7bfc8f5aa63ecea2627f84,329,clean,2026-09-25
FS-182,ireps-web,feature/sales-targeted-batch-v3,ddd3121e2e82334731504e87d755fbdfc29d37ac,src/pages/sales/components/NonGpsStreetPlanning.jsx,fc9d2cf87785da48b8f9f5278be74c306369e46df4f4bb0e2a32a7b65b721713,1099,clean,2026-09-25
FS-183,ireps-web,feature/sales-targeted-batch-v3,ddd3121e2e82334731504e87d755fbdfc29d37ac,src/pages/users/UsersPage.jsx,a6817f00b049d94cd642478c94eb6caa4994edfac1042e11253aa8f772925c1e,848,clean,2026-09-25
